Enrollment_ID,Student_ID,Course_ID,Grade,Enrollment_Date
9079c14f-9355-4ee1-a8da-50b1f6e33542,3936418,3,C,2024-02-19
bd7da504-f8bf-46e2-be4b-c5e0f5461f8e,5796118,2,C,2024-07-30
973aaadf-5fce-4010-8f76-a574a7b084f4,7808168,1,C,2024-07-15
c139e992-7759-4edc-aece-3854b3023d9f,9006498,1,A,2022-09-20
43c83553-a817-4b1b-baa3-35454224ea6a,5226749,2,B,2023-09-03
035f9a8b-90dc-422e-843d-fa3d5c1c4357,5854498,3,C,2021-06-10
488418f0-ad56-4bb8-99a4-697b1fc67e93,4601299,2,Fail,2024-11-07
0717795d-2ab7-48af-8a21-cab8aff04d17,8988840,1,C,2020-11-23
ea013ef9-3443-4431-abeb-476d68e929bd,4597123,3,B,2024-01-28
43677c4d-d8bb-46f5-a463-d742290b5ced,4227912,3,Fail,2020-03-14
dd9410b1-8985-4b29-b692-d88bb3b591b1,2677021,2,Fail,2020-12-24
cd6406d4-b014-4926-b91f-7ab10598126a,9139866,2,B,2023-03-06
f7cb2525-94d2-4388-abe4-9327856230dc,4372071,3,Fail,2021-11-08
8c1cd32c-d546-498d-8b68-6240a634be43,7389344,2,Fail,2022-12-02
86a7e113-8f53-40ab-b4b3-3203f8a73818,4347334,1,Pass,2021-06-10
619491a7-45aa-4734-a7b4-692fca43d972,2786450,2,A,2022-12-29
a08bedcd-5e9b-4ed7-8c73-010f051fc689,1850667,1,B,2023-04-26
9a303276-4c00-47ab-8bee-6108d3e99b0d,6256709,1,Pass,2023-04-02
d4f8387e-8196-4920-9c94-73f9f817657a,5543781,2,Pass,2021-08-22
3a87822e-2c95-419a-86e9-114f8a34ad21,1705988,2,Fail,2022-02-27
a061148a-c55c-46b7-af06-350ffb1b7683,5262608,3,Pass,2024-11-06
a15b79e7-9233-400a-b8e6-3da4e904f77d,2020282,2,Fail,2022-08-16
593de13d-b258-407b-bec0-c11b6a0694b3,7145192,3,Pass,2023-12-05
1cac8702-9b54-4a8a-9729-9d294d2cc6e2,1910624,3,Pass,2021-05-17
2a94032a-2ab2-440d-a74d-5af49cb22140,1717811,3,Pass,2021-07-12
4006a0b2-e44d-4058-87d5-95d06282544d,4622949,3,B,2022-01-09
e85e2bb3-b2bb-4aca-a892-487745ece9b0,6473089,1,Fail,2020-07-24
98a1b4e3-253e-461a-a659-0fc04118ed1f,9038661,1,B,2023-04-27
967dc634-6f90-4026-a41e-ce9060c0a72e,9919482,2,Pass,2023-08-22
1013b807-6397-4d90-9e3d-2181dd4f36e3,1014575,3,Fail,2022-05-02
6cac3529-2b80-47c6-ad39-057122d881a1,2823757,3,C,2024-11-21
cb567911-7be8-4dec-b808-24ed4a2a5035,3449652,3,B,2023-03-19
780a40c1-2fa4-4dde-82e6-a03ef0916dbb,1753031,1,Fail,2022-07-30
196e63d5-ce4d-4cf3-8fd1-2069f260a4d9,6028556,1,Fail,2021-12-12
f85a70c2-f46d-46c9-9453-4daa39d7bad6,3603142,1,Fail,2024-06-13
54adf8a4-ee23-4bac-a5e9-cd0339b5e2a7,4260625,3,C,2023-09-27
ad281ea7-e172-4afd-9990-5ea83d820add,5149925,1,C,2020-11-26
45d4935d-e05f-41e7-bfed-34f4519a6d39,8070313,1,Fail,2023-03-11
3d681c36-c99c-406f-a57d-e9dd6d977d46,1575928,3,Pass,2024-01-29
973b97ca-dcaf-42bd-b846-54d262266816,1318772,1,B,2021-10-29
c10ff2db-4106-4c72-8220-2def56355615,5766898,1,C,2023-09-01
31202e4c-5001-4c9f-b0c5-afff8e0f9511,8188993,1,Fail,2024-10-20
b7371043-2ccf-4025-bedc-885556b13bab,5034537,3,Pass,2023-11-04
dddc7501-1236-46b6-9fc5-4b002a1ddb7f,2912415,3,B,2022-12-11
c5012ab4-7a60-46e1-b412-9b0664fcf3fe,2215743,2,B,2020-08-17
86ba9b99-a7db-42af-a5d6-11dd2616f478,7730449,2,Pass,2020-12-20
9ddf1850-c587-4821-9a53-d1d18018699e,8354511,3,C,2023-05-13
14254e0f-c15f-4b55-9303-7384b67bbd8c,9407834,1,B,2021-08-24
32becdb0-d24f-41db-a91d-3104cbe0e7d5,8114796,2,C,2021-09-07
04db5315-8cc8-4e3a-a20c-9f02114d57bf,8732088,1,Fail,2020-12-29
98defb14-77fc-4270-8dca-0e567f1f337a,2912415,3,A,2022-04-25
cca93817-383e-4b96-88a0-e4ef861d93ce,6919628,1,Pass,2022-12-23
beb45669-4c7c-4a26-a037-7448cbd92e25,2215743,3,Fail,2022-05-01
8c1f0a9c-1aaa-45d5-b496-1e6bbb2e6d6a,3299440,3,C,2023-11-25
65da9c69-f1d5-424d-9244-19695810ea4a,6740645,3,A,2022-07-23
0da33702-4b4f-4b67-b686-2554875ada0d,1802196,3,Fail,2024-08-01
4d7fe61b-e443-413f-8ed5-d6f1354171d7,4824710,2,A,2023-07-14
f45089ba-fb13-4967-9293-f66e618e2ce9,3534373,3,Pass,2020-12-01
61fabc56-5a7d-4eab-9f1a-667ac0d0807c,3989816,1,B,2022-12-30
0c477cdf-6d95-4fb4-ba1b-bd92750863d1,3780419,2,B,2024-12-23
5d1bbcc2-bf81-4454-8c4b-1c8549da0e1a,4356793,2,Fail,2021-12-20
c019159c-d54e-46f2-ab7c-a974af52992d,5347760,2,Fail,2020-12-04
f67622e7-09a4-4ed2-8335-d51e273d811d,9210501,1,Fail,2023-11-25
d31960a0-78e2-429b-9d3e-3b431d92a658,3168400,3,Pass,2020-09-22
e4a200c6-e923-476a-b12d-1e1af6a3f1fc,4260625,3,Pass,2022-09-27
aeff0e6c-5cbd-4b6b-962e-d78076cd5aa9,2880221,2,B,2023-10-27
44af4386-bd8a-41e6-95d5-534fe12e76c0,8775244,2,A,2021-10-25
1cd62b88-66a9-42c3-9a94-05af7c405412,2168922,1,A,2022-02-28
a52cbe44-c398-43d2-a411-e63b74ec1a17,6513191,3,Fail,2024-04-19
e3e25e2f-8c58-4dfd-a272-40a1aaac443b,6504530,1,A,2022-05-26
62634af0-4728-47c4-8a2f-0b7c43139851,3121578,3,Fail,2020-06-05
ebe1877b-e97b-4b7a-a375-e4bf05aa493f,1617906,1,A,2022-09-03
c2b23492-6d31-4ff0-a234-7073a82ae162,6271113,1,Fail,2023-07-15
4cf108dd-7818-4a77-a4db-1f9046c4c448,8354511,3,C,2022-08-19
17259eab-f90a-4085-8574-c36f8d668dc3,3289756,2,A,2020-04-15
e5aad1ac-14be-46e9-8255-5a782827af49,3864888,1,C,2022-02-10
6ddfdf1e-dfdb-4c24-bfd2-fe35b3dfe28b,1529650,3,B,2020-10-18
39b4d104-54a4-4c70-864f-c1226b9c2672,7107660,1,C,2021-03-22
2fcd60e8-1c42-4fc4-8df7-a499d490febe,3511796,1,B,2021-04-27
9fe1c63b-f81b-42d5-921b-30f74678f3c0,2831885,2,B,2020-09-19
c6e6347e-ac6f-465e-b42d-4e5205682edd,5646607,2,C,2023-06-30
9743dce8-0b62-41bc-a9ae-b0e6475bd159,7789582,1,Fail,2021-10-16
03af43ed-c1e8-4e37-a25c-946d9872117a,9984897,1,Pass,2024-01-30
c74993aa-3f52-455a-aaa4-49f960d62f8a,8188993,3,B,2020-08-04
395a3dca-3949-4b30-87ba-d16af1c4f290,9678745,2,Fail,2021-01-07
a247d78a-73ff-4c1a-b054-fa4d51c32b07,6033582,2,Pass,2021-08-30
1f8d8988-895b-4cdc-bbef-8fb06e2ccce4,5262608,1,Fail,2020-11-19
89449e81-f802-44ad-94fc-bdef7f1ab407,3257910,3,A,2020-05-24
a26498c2-f61d-40ac-ab27-7675f3094f90,2655277,1,A,2021-08-24
6156a422-7016-4b39-b8f5-d97fcde8a86c,5929424,3,Pass,2024-09-28
cbe7cd3b-c9e6-4b08-aaf9-6ba8c9e554eb,3637122,3,Pass,2022-01-13
ea0f1c9e-2173-42d5-8d43-ac2ca8badcfb,9234376,2,A,2023-09-30
a0af62d8-3724-4cfa-87ce-6275712fe934,6964159,2,A,2020-10-20
63f1ed5c-0fff-4796-943f-60f7b76ed505,1727542,3,C,2024-09-23
86a41966-c4e1-42d6-aaed-686e29b66d09,7671597,1,B,2022-10-24
5ecb0da2-5fd0-4df6-9ab3-b2865cf5da75,2110754,3,A,2024-04-10
bcf2a537-51ca-43bf-ba2d-c0d386356e71,7344286,2,A,2022-05-01
fa6c4016-116b-4857-bbcf-85751eead149,5766898,3,Pass,2024-05-27
ef104a4c-2e66-411a-b2f6-e68dddf50f00,5415120,1,A,2022-04-16
69d68c2e-dbef-438d-9c2e-a9b51923456e,2541662,1,C,2020-07-01
d8bda400-794c-4ed2-b58e-d66f420ac110,9345657,2,Fail,2022-03-28
2b434591-9863-4b54-8187-edc155610588,6039468,3,B,2020-02-27
a4f3f1db-cdc0-4242-9e44-f4ef66fe1281,3725155,3,B,2021-05-19
44e38c02-60f0-48c9-aaf8-f86507a3a25c,4123494,2,B,2020-02-11
122ac9a8-e8b7-4e68-bc17-f99b1c4b7dab,1014575,2,Pass,2020-02-27
e0dc438c-a589-417b-adf2-187ae447eba2,7339565,2,Pass,2020-10-25
908b555b-4b0f-4604-a510-7c0857bd748d,3373532,3,Pass,2021-03-05
a0eaed9d-6d71-4465-ba23-f42f6863c75f,4591897,2,B,2024-02-11
5a7b3d0b-9530-48fd-aff6-d0fc554a1d5a,7778942,3,C,2022-02-16
f7821426-35e1-48d5-af31-35a4ef82b3d2,6277509,3,Pass,2021-04-23
60908f03-0649-41cd-8b8c-ea20aa2fc435,2377317,1,B,2021-10-13
f2310958-46d4-4218-a88b-ffd2e46a2aed,8010940,3,A,2020-11-30
fe64ce2b-91a6-443e-a026-e757657e2866,3168400,3,A,2023-03-22
780debc1-2429-47cf-b51f-ca2cf692b4e4,2332736,2,C,2021-07-06
6a03b17b-cab7-4567-9ab4-c492afed1c24,2143480,1,A,2020-02-23
7aba9869-8bb8-4348-8959-541725b28b6f,3902728,1,B,2021-05-06
e67672c1-dbc7-4441-8786-876b43c56b33,5766898,2,C,2024-10-21
5cfa8c7f-7d18-4b19-b1a0-ce9c6cc3138c,9314527,1,B,2021-06-23
75896614-7bee-42a8-9413-ac3e20af8525,9763992,2,Pass,2021-01-11
30b74fee-9bd3-4bad-a47a-3cd5e3837fc5,2954897,2,Fail,2023-04-22
47667167-fe3b-47bf-9303-ca7598b1071f,2197234,3,Pass,2024-01-15
69652109-2fba-4a22-9222-f4938438d22e,3878343,3,B,2021-03-21
574e0f15-ac2c-4e37-9111-24c4fb4a3471,2391590,1,B,2024-10-23
08067722-5050-49c1-844d-e420499a944d,5491324,1,C,2021-05-03
5a36b5d9-7c5c-4efc-8eed-f6c1b79fa24b,8958896,3,A,2023-04-12
eadb675c-93ca-49f3-8f6d-5ffcd2b505ba,6712861,3,C,2023-03-27
28ec3c2a-7f8e-4881-a132-e251881d092e,9346852,2,Fail,2023-11-30
93659a49-d1af-4501-8c64-a28374bcc395,4096519,1,Fail,2021-12-09
c6eaf805-1551-4ad8-bf82-44c83c1eb642,8877472,1,C,2022-07-10
b61015d9-51c8-46f6-88a0-018dfd907b4a,9387346,3,C,2022-07-08
66f08875-f331-47ed-bae0-e5b9ffdcbcd1,7433635,3,B,2020-10-02
d1a3c5fc-30e9-403f-adef-9df82dc12d6a,9613953,3,A,2021-06-25
c0a54111-8b5d-4644-984b-089d733f7011,7863018,3,Pass,2023-08-05
a7825cfe-1d38-439f-af09-037317ec0356,7702300,2,Fail,2024-03-28
6a755480-fa71-465f-8dce-dee4aeee6f3c,4591897,3,A,2022-11-01
84b4519b-d9f3-495a-b875-db52053f4337,1192062,3,A,2021-08-03
4ed78fd4-6078-437e-964e-748262d36e4e,1098174,3,A,2024-08-18
d4f1c5cc-9f88-42fe-8ccb-a9f40a749de4,6861858,1,C,2022-02-22
ed65dc30-c7a8-44e6-9b9b-fa473bd7a16f,6271113,2,B,2022-05-04
80737614-94d9-4839-bbc3-a2ae3e570449,1850667,1,Fail,2022-10-26
c662e6bb-8146-4b00-894e-9f3872a7cab1,1120295,3,Pass,2022-08-07
93491971-cab6-43ca-92ee-11fffacaf567,1983734,3,Fail,2022-12-28
ced9f39d-0d08-4b9f-8451-ac55b9e12827,9163957,2,Fail,2020-02-21
1e5d8823-23e8-4b43-8a9c-50bc6723176f,2523763,3,Pass,2021-01-17
42831998-8a17-43f9-bb62-f0c647533beb,1098174,3,A,2020-04-09
4648f2e0-347b-48bb-b1b9-c791281078c4,2892388,1,Fail,2021-07-14
88f946dc-3e13-4b56-ab88-175811c8e402,4631504,2,C,2022-03-18
df76cf02-a8ae-4a1f-9a89-cb9b16ed99eb,7677717,1,C,2024-04-28
5fe6a3d3-b92f-4996-93d0-619ed76db699,4622949,3,Fail,2020-09-06
508ab058-389b-4b29-8520-be406345143c,5812498,1,B,2020-04-24
61989ec4-f0c7-4e99-a358-8168cfa66655,4372071,2,Pass,2024-05-30
762363f6-3cdb-4bbe-b26c-175fe0073dc8,5415120,1,A,2020-09-17
715f064b-7926-45b4-b797-7dc26e6024c6,7671597,2,B,2023-12-16
d6b7ad52-fe17-4893-b5f6-525f2d575694,3453726,1,A,2020-12-24
b19237b7-7664-45dd-835a-b46152e8e5a2,1128992,1,C,2022-12-02
340891dc-d8b1-45b3-97ab-3f39b1a1bc3f,7079786,1,C,2020-11-26
3ea7d913-48f8-44aa-8c69-f2dcf8831078,8970256,3,A,2020-06-05
264d80e1-71c1-4af7-8bc4-469edcf87ad2,4207273,1,Fail,2020-08-12
c7a54fb7-c076-47ec-95ff-2e5221885962,9163957,2,A,2023-01-23
5edde402-2e74-4278-9c1d-32588d59273e,1753031,2,C,2020-02-26
2faa8e10-6edf-4f9a-b061-49ba69d54c1e,1711239,1,B,2021-08-18
e5736954-7b7f-482b-8729-370eb853c78b,7045984,1,Pass,2020-10-26
3075c23e-89f4-4e74-915d-14a6505a79fb,9139866,1,C,2023-05-14
bd7193c5-e184-4ea5-a83c-3926b4cded9e,1358260,1,B,2023-12-24
a10a38a3-3dfa-4dad-9351-b36ce2f800a8,2239436,3,Pass,2020-04-02
5c710cf2-b482-40b4-a617-ec3647056c07,7452065,1,B,2023-08-18
87ed5b1f-0217-4a07-b852-f64cf94cf352,8156081,3,Fail,2023-10-09
e80cfd24-05c5-4a9f-bc63-0b0ddf23d622,7317435,2,Fail,2022-07-03
c3579826-6452-4daa-84ed-1942bdfdb45f,7339565,3,Pass,2022-10-13
9a031523-ddaf-459f-be1b-31e8448f2b2c,6473089,1,Pass,2021-08-01
f1396308-e04b-493c-8c23-79d94c6a7741,7389842,2,C,2023-01-14
9fbe7c94-2446-4711-827e-29ba2c036ab4,5826417,1,B,2021-01-20
cdbd4d00-a605-4892-a388-54bb67a15e20,7330522,2,Pass,2023-04-08
46e8239a-5d27-441d-818d-98f0d35c1d8f,9006498,1,A,2021-01-27
3b3f7b81-8ce1-4b24-8aa5-a34e572178ab,1850667,1,B,2020-01-13
e4913bf0-ca4b-4c63-bd33-e68bbd034337,1745685,2,A,2024-03-16
384b5ac2-89f9-4a88-8e8a-1cb9a3eefda5,5563898,2,Pass,2021-08-19
3e6819a2-cb29-4172-8646-dfafa35f265a,3809316,3,A,2020-03-21
f09d022a-9f05-409a-8687-111a1217193e,8354511,2,Pass,2020-01-17
8b3e4f04-e65f-41d7-9197-802864ffa04d,6475678,2,Fail,2023-09-14
5d56e870-f496-477a-bba4-1a1475b765c5,8869418,1,Fail,2020-10-18
f4431478-bfa5-47a9-a08c-937642b843e4,7039472,1,B,2021-04-24
cc3aab0e-46b4-4c91-bb3e-c390d208706e,5854498,1,B,2020-10-17
825f9ce1-0777-47c7-b51f-97024ebfab61,4123494,2,Pass,2023-01-13
67117c2f-78f4-4cb5-b838-c8771d05325e,5646607,2,Fail,2020-12-12
4d5b97ee-ba69-46d9-ab01-6f0f65426d26,7808168,2,B,2020-07-19
44466b32-a9e8-4e53-a747-a523b13ffe91,6919628,2,B,2021-11-13
af4486ab-5a95-4aaa-8766-cd582b66f079,1018422,1,C,2022-07-21
2c1b3a39-5688-4fce-b8ac-dbfbfc931291,4581712,3,Pass,2024-01-22
7dc179b7-7079-4c64-be3a-d77dd8edb79a,6473089,2,B,2024-05-24
8ee1e3ee-73eb-4913-95d6-5c04fa98c6e4,3257910,3,A,2021-01-21
fc9126e5-ac9c-4cf9-a822-dc41e509c341,1417235,1,B,2025-01-08
8796c40f-34d4-4a0b-a418-3f17556622b0,7733507,2,B,2023-11-25
041ac220-2ccb-415e-982f-1b0a5e365336,6513191,3,B,2023-11-28
9838fa59-5709-4950-a22a-c3af2ddff2f3,6271113,2,B,2024-01-16
7cb0b57e-a148-4227-bdca-ccf13dc2f1a1,8732088,1,C,2023-01-19
9c0b316e-a39b-4a48-9037-eaecc3f14392,3989816,3,B,2023-03-29
34311080-5725-44ac-ab2b-415bec390de4,1498110,2,A,2020-11-18
858b064b-c104-4d55-b3ce-90a9e0b504ec,6178348,3,A,2023-06-06
88755b9c-9d98-4e66-8bd5-39802d90d735,5658510,2,C,2020-04-01
76b6c568-4461-4fb7-a837-b1ebe7ea0f6e,4258808,1,A,2024-06-13
f4b48f2a-1d74-45c2-833d-1c042d974946,1647658,3,Pass,2020-09-10
0303d5b9-c33d-4da3-b013-f3562494cf85,9145225,1,C,2023-04-06
7a2104d1-306e-4818-8c3f-b4e919dfb11b,2523763,1,A,2020-01-27
ee87982d-d75d-4aad-993e-118487b93879,9529680,1,Pass,2024-12-04
6711ab90-eab8-4f20-a367-4c9138229ccd,1519693,2,B,2020-04-15
c49f648a-8cfd-4e7f-9471-68f2db2ddfc4,6374987,2,A,2020-11-04
2d43efa6-8a9c-4319-9d65-15dec6ac8721,9620139,3,Pass,2020-07-11
d327783c-b741-49ce-b52e-f24e0e7a7ac9,6621708,1,Pass,2022-03-12
fc59f953-d6a6-4fcf-b694-c3e936d191db,6374987,3,A,2024-01-15
fa633c77-caeb-4d60-9643-5f20ac1924f9,1717811,3,Pass,2023-10-05
4db842fc-5cdb-4b4c-bb26-cb0805d8b03f,9919482,1,Fail,2022-02-18
1f89a2a8-ffad-4a2f-9bf0-2931676348b6,3758145,1,A,2022-08-20
ffa1127c-2aa3-4d1f-9115-446bd0368fb7,9678745,3,Fail,2024-08-27
178ba2e4-d2e5-4773-83b8-0df77b81b013,3989816,2,B,2020-10-08
5e9c46da-0dd2-4fef-b0d5-52520818af89,7677717,3,Pass,2022-05-16
b2f24756-74eb-476e-b8ac-11d2b1f4e3a0,5072279,1,Pass,2021-04-27
3ecd7969-e8e7-48da-99d7-6d5ea76ffbaa,2954897,1,B,2022-08-07
b067ac83-e606-4ad0-8db2-371f3a04abea,4241078,2,C,2024-04-28
f2ca3835-93df-4f3c-a28f-04f9ac202b3d,2194266,1,A,2021-09-16
1c09e573-109e-4c89-b0d3-d45078ba6dfd,3373532,2,C,2022-09-29
7ce34062-eb07-4e1e-9621-7134f15d0721,1018422,1,B,2020-02-13
15de1ef6-561d-451e-a142-0578064092bd,4301483,1,Fail,2020-09-01
055c2e7f-b8f8-4ba7-a3b1-270a4c4bd1b1,5010445,2,A,2023-04-29
c2f26622-bb18-493a-8f53-b7a5ddcea4d2,1932872,3,C,2022-01-14
d725ad0d-abf8-4e2c-9c76-3fbdc3046dc4,3810801,2,B,2023-04-17
a4a2068a-71d8-44e3-be83-9a52168b957b,3373532,2,A,2022-02-23
fb39be9e-fa9d-4f78-ab4e-190393706276,3171710,1,Fail,2024-03-03
bde80d72-045f-45eb-8302-28556e430995,5675891,1,Fail,2023-12-29
39094c0f-8989-489f-a85c-fe4075409183,7703226,1,A,2020-10-04
d8e81b49-48fc-489d-a0db-0c3908267c56,3725155,2,C,2020-05-01
a71bb308-bb21-43ef-a8dc-c86e3049355e,8916265,2,A,2021-07-12
5c55f36a-0992-472c-9b1d-b9dafde65c81,6310856,2,Pass,2023-04-28
b00c36cb-23af-4bd7-9185-e65625b3aa7d,7786510,2,Pass,2020-04-18
df09574f-fae4-4538-b111-e33a9ef239d4,4746013,3,A,2022-07-06
a83bbdd6-8ef2-46b3-aed5-28db0a8377f9,9819983,2,Fail,2020-11-14
47986da3-9fcd-4446-ad41-3d845f08251f,3911919,1,Fail,2023-01-22
c9fbe39d-e661-4f16-9318-abeedfe869de,1228477,1,B,2020-10-04
120477cf-7a14-4147-a423-f3065c07a7ec,2902257,2,Pass,2020-12-12
fffcb14d-8714-4350-987e-1293f96689f5,9739307,2,C,2023-08-03
636d320b-4245-46d1-8c23-abd472b8b734,7778942,2,B,2020-09-06
639ea7a7-425d-4eb6-8e9f-702aff1ea98b,2541662,2,B,2020-04-13
86750056-7a15-46fd-8190-34988ff62f6f,7468355,3,C,2023-02-02
d021dbb6-9e27-4b90-a010-ff848e699c7d,7394639,3,A,2022-07-27
4dc5c055-4746-472d-8e77-927c7bbbb83c,9805982,1,Pass,2022-12-01
48cc3643-0b8d-4004-ba89-23261304a8ad,9038661,3,C,2020-02-02
258b4d73-312b-486a-8765-71a0f4ab8186,9241421,3,B,2023-09-01
995870a9-efff-4229-96c9-c7013109028a,9565548,1,B,2021-07-06
e09153dd-4133-4f76-bb7d-8cbbc70531fe,7943582,1,B,2024-04-03
3dfabc1a-7677-447f-8ae8-a81b5532b5fb,5091460,2,B,2024-10-09
f8b49407-cf9d-4c5c-96f7-9bd9d4424080,3510316,2,A,2023-01-19
4ee585e9-05cd-4548-ad49-01ff2677d36f,6878800,3,C,2023-04-19
78514811-5a07-465b-aac7-5fd535978700,4096519,2,Fail,2023-03-07
1bcf41bc-3135-438d-9cc9-2da70cf08f96,1428330,3,Pass,2024-04-06
ce615637-e8f9-4f4c-9c00-dc009fc0cc1f,2329861,2,C,2024-08-16
4c9ad4ec-ad94-4a49-a102-c8e7bc4df593,5854498,3,Fail,2024-12-26
5ebee281-df47-4f45-87b5-074bf9276ea0,7808168,3,B,2021-06-09
539106be-bcc9-4f43-8f11-9e047ea67ce2,3178229,3,Fail,2023-12-15
0e2152b6-07b9-4fff-b18f-a9efc72c6b7d,3293909,1,Fail,2021-10-31
d3d63811-78b8-4a9b-ae22-a358528d04ff,5091460,1,Fail,2024-06-26
cb1cc739-36d6-44a0-bc54-61c6db3fa284,2786450,3,Pass,2024-11-29
2d035b74-ec14-4c14-aaf6-18ee06120d95,2076259,2,Pass,2024-02-03
ab62e6a6-8ee8-4ac2-9800-cb0d24a0acc6,1230372,3,Pass,2024-04-11
4df264e1-3bc1-47e7-9cc1-4650e8ba30a8,2621615,1,C,2024-02-27
f9daa97f-b63c-4919-8a3e-514cf2d37b17,9984897,2,Pass,2020-07-05
4a466fb8-b08f-413e-8897-6d800a747e66,2215743,1,B,2024-12-24
bedf4378-9d27-4fd9-a728-3e3b5a1f4763,7675392,3,A,2021-06-20
54fd60cf-ebb7-42ac-8af5-df6b2ccd7bf9,2499772,3,B,2024-07-30
3ff4cf51-16cd-48f0-a052-4256c267a34a,6870038,3,Fail,2022-05-27
bc6c5d76-dbc7-4d01-90f7-d2d07c034b40,8070313,3,Pass,2021-04-20
c1e23ac2-b71f-4883-9a4b-1e1b4382f7d1,5812498,1,A,2020-06-19
562ea422-4bf4-472f-b481-f722bb2973b7,1417235,1,Pass,2023-02-22
bbe0ffd8-ba6c-46af-9308-889cb6eeaff0,1727542,3,B,2020-07-06
16f8ef1c-d9d2-40bd-9d37-5b7127844171,9407834,1,A,2022-12-20
cf740d38-fcc8-481d-b286-bb4a36795f2b,5892919,1,C,2024-09-23
84dc4993-fbe2-4e66-b8d0-1fba7a23113b,3279749,3,C,2023-01-04
876c29c6-6799-4c5f-befd-f97da3e1e89a,7789582,3,A,2024-07-13
7c2fb1db-fc17-45ee-862a-d7b5166924d6,7786510,3,A,2020-04-26
12dfc5d0-4a23-437f-8c0a-3c4cf2382d61,7151131,2,Pass,2022-12-01
33476b79-7574-433e-b0c6-59280b423137,3237967,1,A,2021-08-17
c1c96f9d-c0f4-4f9e-9731-2106c6037631,2076259,1,C,2023-04-26
c12137eb-208e-45c8-b230-98006ccc8e2c,3603142,3,Pass,2024-09-06
bc6b5fe6-3c90-4246-9a2f-1a53f5d01008,3121578,2,A,2024-04-01
9492ba9e-503e-4313-bc30-81cbc4640ab2,1727542,2,A,2020-03-07
e73a9817-591c-41cd-86bf-ad600c9a4461,6277509,1,B,2024-09-04
af4aa9c1-15f3-4f37-8090-809b68b0c075,2577906,1,Fail,2021-10-28
ab895327-fdb1-4ddc-b9f9-9f93390d9748,1311273,3,Pass,2020-11-02
c169add3-683a-4ad1-9bbf-a5c976d44376,7339565,1,A,2020-05-12
3f1decfc-e84c-4a0c-abef-5404c9581e07,8335744,1,B,2024-04-03
4c6667b3-2bd4-42f9-ad2c-0ed895b0dce6,3237967,1,C,2020-06-28
a0dbf725-282f-4c96-8dfb-01f065256b9d,2954897,3,A,2024-04-01
cd90ba13-3903-4332-9704-d5c68be07e6d,8331482,1,C,2022-10-21
19147731-4f2e-4672-af19-7fcb99c516d0,3725155,3,Pass,2022-07-15
04c80fdb-989c-4607-be73-4f4409565702,6976394,1,Pass,2021-02-24
50fbab61-ad2c-4e87-adbd-5c06774796c6,7337485,2,B,2021-03-13
ac9f5e24-ac64-40aa-a065-ab4e7e372c60,2020282,1,Pass,2023-06-27
a90443ed-51bd-4a6d-8911-ef0375084acf,1278058,1,B,2022-07-10
0301827d-e122-4cbf-ba56-a61624af473b,1529650,3,Pass,2024-07-15
34736e3c-dc67-490c-880c-e9df9cea453b,1498110,3,C,2022-02-02
64b3b403-eaaa-4e7e-8508-0b605654fb8e,9314527,2,A,2020-08-15
de6d36d0-6eee-45f3-b643-7176c616def1,8852794,3,C,2021-05-08
ad1c6179-61d1-402f-99cd-d3df7c7d52be,1850667,3,Pass,2023-11-22
517ef264-2810-4390-983e-7c5ac43f3861,5592076,3,A,2020-08-10
41bbd58c-3446-4cb8-b5ee-09af0dfd7969,4787828,2,C,2021-01-12
fc4ddf77-b588-49c6-a36c-a6dc4fe0807a,6060793,2,B,2022-01-28
b21b8ab4-5b49-4ea8-99df-3ff0a09eae1d,2798817,3,Pass,2021-05-16
a85ba50f-3b4e-4dca-a2ef-6707b73209ee,3637122,2,A,2022-05-22
2a9abd78-0d62-4859-8c30-9a3d1baeb73c,1197025,2,A,2022-01-07
13d2d18f-f4a7-421c-b3e7-7280263c5a23,9269882,2,Fail,2024-09-28
7f0507c8-258b-44e1-a37e-1b033d359a22,3809316,2,B,2020-04-03
84e1e5d2-7f1e-4d71-9008-5296bfcca193,3878343,1,Fail,2022-12-04
31822245-d494-407c-9a5e-b048407319ea,3953209,2,Pass,2024-12-13
72982c58-50cf-44a5-869a-744fdcba9e07,5867951,3,Pass,2021-09-17
79abaf2e-f0d1-46f2-a8ed-735fc43ea3ee,2194266,3,C,2021-08-01
bdbba3dc-8f23-462b-8c95-f0b8d4e597ea,2143480,3,B,2022-09-30
890136c2-8208-4752-9c8c-97753621d917,6621708,3,B,2024-01-10
b64a7810-7e73-4cde-b87b-a94269d1439c,4253935,3,A,2020-01-03
878c23cf-f7a8-4988-88d0-324c2e1dd709,8206510,3,A,2023-01-11
7960ac76-e0e5-45d5-8dd6-1db318fb4838,8187078,2,Pass,2024-05-20
ed0557b6-28f5-4d29-a881-3546588ee115,5646607,1,A,2024-07-05
24e08360-6967-4299-9362-e990e3c08add,8587935,2,B,2023-04-29
249c74d0-d998-4631-9f32-d428258e9fb8,1826754,3,B,2020-02-13
50068c90-7ddd-4a63-b734-4ae6962d72f4,7433635,3,A,2024-07-17
18cada84-2a59-4e4f-a9ee-6d15e686cefa,2965561,3,Pass,2024-09-08
1dc8f1aa-0d36-42b9-bc3d-8068282b7ed5,8335744,1,Fail,2022-08-19
7c33ba92-d7ce-4357-954c-da230b1debf6,2831885,2,A,2023-12-26
d675eae6-d550-4bef-857e-ed4c8dcc1318,1519693,1,A,2021-03-06
56852228-b7ca-46cc-b203-df498387db01,5571908,3,Pass,2022-10-08
b229feff-9047-45cd-ac19-162c76e6c14f,7746195,3,A,2023-07-07
aa45f37c-bc11-4b11-b89b-55bdeb123bda,6131645,3,Fail,2023-10-30
4938d97e-30b7-4208-a4d5-1586521b1bbb,6028983,2,B,2024-08-13
3082bd6a-b170-469d-858f-346c00602d28,1802196,1,A,2024-11-06
3dc4f3e8-eb90-41f6-b58e-17d1e30c93e9,4258808,1,A,2020-05-12
6358360d-d185-444d-8e18-7d423b26e275,1617906,2,Fail,2023-08-22
68a63d79-8cb9-45b2-991e-38dd06ad7f2b,5897705,1,Fail,2020-08-21
af6871bb-c85f-4c4d-83d9-bb520c14e6ea,2329861,2,A,2024-10-18
6672d807-5e34-4b52-af1e-af76c0bd793d,6357101,2,C,2022-03-30
d5682b0d-218f-4828-99d0-4e3e8c3008bc,2205015,2,Pass,2021-11-13
49363114-bad0-4ef9-a18e-4bab602b3b9a,4284779,1,B,2022-08-21
1a548e8a-780a-4e99-8161-c3444e71fb4e,7753766,2,C,2023-02-26
b58d50a2-a7b1-40b5-a87c-e25828abd615,7337485,3,C,2023-10-23
64b85c2b-6501-49da-8607-12efccdff53e,6740645,2,Fail,2025-01-17
a054e8af-831e-4884-b0d0-cff17f19a00f,8226229,3,Pass,2021-09-07
fae0f4d4-712c-44e9-95f6-e10d1d593597,5010445,3,C,2021-06-13
3649c01e-a34c-43eb-a7c3-94807a61904a,9006498,3,Pass,2022-12-13
cec6a21b-4160-4d6f-90f1-ed2449ce5bc4,3299440,2,C,2024-05-06
35b6d1a4-4a1f-4290-b63c-0fcf7c8dab6d,5632861,3,Pass,2023-12-09
306a4967-7f52-4d82-b93e-918041e1c52d,1575928,3,Fail,2020-04-23
00b9bf8b-b9a5-4f58-8610-254c88242164,7114099,1,Fail,2024-01-16
baf102ed-7c7f-4a4b-8233-956692216d95,1864121,1,Fail,2023-11-04
a9981efa-8e4e-406c-8cfa-89b86d24d2dc,6033582,2,Pass,2020-12-18
0b1b68df-d2ed-4609-9b66-e03dc3424164,7848653,3,A,2020-01-21
74c642a9-1352-4493-b7eb-5e4df29dd241,9384549,2,B,2022-04-16
720c57fa-5fc2-4689-a576-57b576f2f8fa,7287895,3,Fail,2023-11-21
5a3076d7-7bed-43a5-9c4c-6a0501a37906,7863018,2,C,2021-12-23
5711dd7a-074d-499e-b30a-167dde5f9bf9,8187078,1,A,2020-01-05
2b1ed082-0341-48bc-a585-b529e9b30a51,5087316,3,C,2020-12-02
a809df3d-ca23-4c18-8a5d-5a6389c2951c,1738476,1,A,2021-01-18
66f211c9-0636-458b-8ff8-984efacf3332,6494864,1,A,2022-06-03
5b7da8e1-938e-4f38-ad5b-42972762bbaf,2371197,3,Fail,2021-08-05
52b2b5dc-05a8-4aec-aa56-2b82ff083f73,8916265,2,A,2023-07-10
e6a7f741-fc4e-4e08-ae21-e3291974dfd3,6992932,1,Fail,2021-01-25
f25b6426-2985-49a6-93ec-e64782f4e155,7306100,2,Fail,2021-03-26
77d387ab-e1f4-47d8-b5bf-54d155cbba6a,9724647,2,A,2024-07-04
0d5aed76-ad29-4607-8633-2bb48d22ecf2,6494864,3,C,2022-01-05
5c9f7133-1691-4737-966b-f42558a4f009,3374674,2,A,2023-07-26
5e4ff667-ef67-4213-a13d-812f103a0ee2,7079786,3,C,2020-10-16
8a15aaf1-8f9e-41cd-b201-3497ee744dff,3499439,3,C,2023-01-12
b7b86a1a-4465-41ed-947b-89b9ea3a671c,8732088,1,Fail,2023-11-25
40e9274f-42b4-427a-9690-44abbfe8092e,2746684,2,A,2023-07-11
d04d3f4c-7150-476a-bdbd-cc35343e4805,7317435,3,A,2022-10-14
1fe08839-b802-4623-aeec-e7f7c9ba2288,7310667,2,Pass,2022-09-14
c7948753-2555-4753-8d1a-eef222e52b82,9724647,2,C,2021-08-28
e0662d56-7757-47c2-b9bd-14840ba49632,4597123,3,Fail,2020-04-21
7297205d-78ea-4335-a01a-2f7ba6912111,7615704,1,B,2020-03-03
adc95d3e-80f7-4efe-bb39-88ec847d499d,4403347,3,B,2021-02-04
72e7e939-0e61-4518-b9c9-c725daf2c392,7746195,3,Fail,2021-12-20
7239f089-76fd-4d38-b3c4-ea0700f2ad77,5491324,3,Pass,2023-11-23
5ce1b2a4-5214-4f76-ba9c-85a963ffdb8d,3637122,2,A,2021-04-12
bf4afa07-046a-4c04-9b25-f39c351e576e,8790393,2,Pass,2020-10-01
2de56b83-486a-46a7-9dce-09acd8ee061f,2332736,1,Fail,2022-11-18
12124824-9061-4d1c-be42-6fced7995a00,8968837,2,Pass,2020-11-17
124d33c1-92c7-404e-ae80-5da3d5920b7a,5636843,1,C,2020-12-26
7fd7b57f-29cd-400d-892f-edc4e01ebfd3,6938352,3,B,2020-02-28
bd109131-6f29-4134-862f-e68d704b51fe,7452065,2,A,2023-08-20
3d2a5228-a292-46c8-a260-39b281a031a8,1417235,2,A,2025-01-26
e1fc01b3-4b21-4813-aa28-20c398b9a88a,6739128,1,C,2020-07-25
fa4a5a74-c66e-4e97-b2cd-c76919ff287f,3178229,1,B,2024-06-21
62db50cb-af81-4bd0-aa0f-bf7080f9a056,1983734,2,Fail,2022-05-05
f65e2f16-0c4a-4cc2-bc71-4502606b8b61,2005180,3,Pass,2023-12-28
8ad45479-feae-48d8-9919-86101c89186a,2965561,2,B,2020-05-07
9e472758-b6b2-4851-ac2a-e7dce740e72b,3637122,1,Pass,2023-02-23
7d8ba1b6-414d-481c-8f8e-eb72dc44d8b8,1128992,2,B,2021-10-25
1193db2b-69c2-401b-9db4-222690f0788a,7702300,3,Pass,2020-12-16
90ecc6ed-a602-4dc5-85d3-c716688116af,7786510,3,Pass,2023-01-15
f48a66fe-63b6-44a9-95e3-94980621fdf6,5892919,1,B,2022-05-04
43c331bd-dd65-4a96-831d-fa5d1deacac5,5636843,2,Pass,2021-04-24
1bf31a7b-953b-4444-94e0-cef34fced65e,6475678,2,Pass,2020-11-10
a5863c28-32af-42fd-81a0-5541301f2bad,8968837,1,A,2022-02-19
b3e5ddf7-73bf-4d0f-8812-2206eb667e13,2886274,2,C,2020-03-01
e556585e-09f2-471a-b9a6-0f666a0f7f5c,3809316,2,Fail,2020-05-19
ffed1095-2356-4e94-8180-407ee05e1528,2523763,3,Fail,2020-06-03
7f561ddb-476c-4322-a33a-02802732131a,3846932,3,B,2023-06-11
fba1c0cc-c03d-494c-95d6-35c5673210ab,5900463,1,C,2020-04-05
1289a58f-8b29-435b-9182-828ed968ed80,1932872,2,Pass,2023-10-16
0a276dbf-f55b-48f4-9997-59eb26e6aa78,1318772,1,B,2020-12-09
cf86f98d-d1eb-4c53-a972-f3624ee38775,5866113,3,B,2020-02-27
9fbb7e16-b263-44d5-8080-ff2a81da5613,3289756,2,Fail,2022-03-20
789bf19c-95c5-4255-950a-e06740ef60eb,1239287,2,Fail,2020-09-15
69f5d437-c801-4258-9dd8-1fe8a0e02177,7317435,2,Pass,2023-09-14
78fb7570-1990-4657-8c4e-48d9fb5dd4f4,1197025,3,Pass,2024-09-30
1514357c-7861-4071-aed3-912a329b3e95,7928827,2,B,2021-08-12
d3906d1e-9092-4ea1-be36-d8582ef062f4,9813169,1,C,2024-07-13
537d1b70-1551-4f5c-8157-25dec43bcbc2,6374987,1,A,2023-07-13
408bd1c1-afd7-4480-9284-23b309773009,1799777,1,B,2020-05-15
b1649c68-a16b-4a0f-803c-a32d20b15d3c,8988840,3,C,2022-05-03
d121e6f1-ce47-46bb-ad9e-fd5f1661dc22,7306100,1,A,2024-10-10
988193e7-e336-44ba-85c6-a5c5614028b7,7468355,3,B,2023-05-16
95a15e11-64ee-4318-a503-f7cc51999e37,3845972,3,C,2024-05-12
524b8ecd-3e7d-4cb7-9dce-84d6f369012f,9529680,3,C,2021-05-09
c46333e9-fd80-4273-bfb1-7f7b5f870a05,2786450,2,C,2020-12-29
4c75ee15-7810-4c98-9c79-1fd1c6dc074d,2562788,3,Pass,2022-02-11
92950dc2-a25e-433c-9ac7-56f0b4a01184,6861858,3,Pass,2022-05-07
b2a19f58-f548-4ec2-bb5a-c3794ffc19af,9384549,1,Fail,2024-04-10
ae7afff5-a9aa-428a-9587-3e9303232c25,2621615,2,C,2020-10-06
3ca09240-72ec-4e2f-9a68-c134c94a0433,9038661,2,C,2021-12-17
1f0b941a-64c9-4c0e-8eed-11485742063f,7786510,3,C,2020-11-20
07c619cc-d563-414b-b8cd-4a86d4c0f850,5571908,2,A,2023-03-31
62feb949-5334-4d6d-a707-f601e77427f8,3279749,3,B,2021-08-15
4ad25484-e514-4b8a-84f4-fe92a8bafd40,1326551,1,Pass,2024-10-19
54658c18-8740-4930-a3a3-4b3a3b4851c3,5149925,1,Fail,2022-01-10
ae942622-04f1-45f7-8ce8-a14e6f259726,6165185,2,Fail,2020-05-08
7b84a287-2b4a-4937-92ac-3d00ed02d67e,7452065,2,B,2023-12-28
1b7a1f60-dcbb-4944-9b24-a08e33c7a955,2308542,3,B,2024-03-04
dc856ff8-aefe-4623-83ad-c3763d195f45,8775244,2,B,2022-01-02
b26b5c74-e05a-4cb4-9691-e98e8c69f6df,4403347,1,B,2020-05-11
79340637-627a-47db-80ae-723d2d914794,1417235,2,A,2020-04-23
6aa1c5e7-8227-422a-937c-6429463d0fef,4096519,1,C,2021-12-06
7baebe64-f289-4a01-b23c-32ee26df2375,6712861,2,Fail,2023-04-10
cb2982f0-9dc4-4826-84a7-ecc5d5e814ff,9763992,2,Fail,2021-07-12
79e76864-c12c-4301-85ae-457427396d98,3001289,1,Pass,2024-05-25
0de3c83d-70dd-4db1-a69d-dd489564014c,5986499,2,B,2022-12-05
6464b586-6e11-4a0c-8578-59a97b72149f,8798903,1,A,2021-06-12
c7773b3a-aaed-410b-94ba-7401628d3eea,5010445,2,C,2021-07-23
da1a222c-8bed-437e-b415-95c08db07af8,1754271,1,C,2021-06-25
3c9cdc0c-6579-462d-a120-41818142076d,4207273,1,C,2024-12-25
56afcd15-3cf5-4c5a-9eb8-746ba1ec10b5,5766898,1,Pass,2020-11-27
f76702aa-1ab6-44d1-a2ed-4c32a80089ef,1428330,1,A,2023-01-29
341f0a33-2b43-4311-a100-d9efe801f372,4601299,1,B,2021-03-13
de37b32e-16a7-45c5-8b09-42b962953ab7,1192062,1,C,2023-06-08
e529ecdc-7846-4c86-9ee7-1dbe4420fffd,9085443,3,A,2024-07-06
a152bb81-e4cd-4962-8a82-594a1294fa40,5636843,3,Pass,2021-01-12
a5a5ba9f-814b-426a-a6a6-474dfa2bfeb5,2205015,2,A,2022-04-27
3c7b8878-459d-4677-827e-9829286ac604,7789582,3,Fail,2021-06-12
1fcc6c67-244f-41ad-8502-dd1cf0af7399,7330522,2,Fail,2020-05-09
1bf3cd77-818a-44e9-9f24-ce6753fcfa39,4996834,2,A,2023-01-03
ddedca0d-24fb-4cc2-bfbe-cc2ff09cc3f9,9884169,3,B,2025-01-10
b788de69-d043-47b3-b830-31d88a487b0a,9726637,2,Pass,2023-08-09
e23c7e26-c0a8-437f-af09-cdfe11c017ec,7786510,3,C,2021-10-21
bad80ce6-63ba-4c39-9a3a-f43d6f8cd6fa,6861858,2,A,2024-06-02
69743a80-5bb1-43e9-b3fd-8262b1b05740,8415315,3,C,2024-06-23
062785ec-2157-49b3-8dcf-cbab94ccacaf,6019884,2,Pass,2020-12-11
c2337475-fe03-47d8-a358-13b56ff2cc9f,2371197,2,A,2023-03-27
81f5c05a-cc71-4ceb-b27a-326e517f0f51,1428330,1,Fail,2024-11-17
55ac5ad2-52fe-4bdf-994e-d72cc21b4f3e,3902728,2,C,2020-08-10
7715bbe3-fb17-498c-8f88-c3bc9a586b7a,7867912,3,B,2020-07-10
552d8959-f4ea-49dd-b89f-dfa452fcbf21,9006498,1,Fail,2023-03-18
263062d8-5353-4f42-a7d5-25a8f7cc3303,3953543,3,Fail,2023-04-24
86a81a62-5b7a-40cf-bbc7-31f778ab39ad,2950982,1,Pass,2020-06-09
532f5674-5946-4ddc-9ffd-febdea97c087,6357101,1,Pass,2023-03-19
066f1a63-a726-4855-83b4-b224768f45f1,2846273,2,Fail,2022-08-28
abd7a3e6-a8c8-4fff-85ac-ee94cb7b0d52,7287895,1,B,2025-01-01
cb59e203-97eb-4690-9dc9-1794ea5b3e98,8958896,2,C,2022-12-09
dcf8ca88-e20a-4e96-9465-3d1016074da5,6970078,1,Fail,2025-01-08
7503a6f6-12da-49ea-bc85-207b2604ceba,3785018,1,C,2024-09-22
fe77d5e2-4c53-4bfb-81cc-ae014f39341e,3780419,3,C,2023-02-18
0b4a288d-39ae-4d76-ac70-ab3c1f360276,1120295,2,C,2020-09-29
fb1f5b48-01cb-4b2f-983f-84da9b8c93f3,3780419,2,C,2020-09-12
123ad52c-9712-41a5-bf1d-66834ca9fc82,7730449,2,C,2023-03-23
06f9c416-a081-4c0a-bc4c-9934fb6901a4,9565548,2,Pass,2023-02-03
93a18d7d-a69f-4ff8-bb21-d400c26c1c4e,8519722,3,Fail,2023-12-22
ab88aae6-2500-4464-ac65-846394151ad1,4357069,2,A,2022-06-12
1df78102-db7f-45bb-ba0e-6b76f8af67a0,2621615,1,A,2024-07-07
b76db6e4-e73b-4006-97ab-f9960d081828,5846405,1,A,2022-01-07
5eed2fe4-1431-414f-aff2-6acc33b04586,9726637,2,A,2024-05-13
ad301058-39cc-4f50-af85-5c1fe68eb5cc,3171710,2,Pass,2024-12-08
1bd95a4b-b0e2-416c-864a-6aa538972902,4356793,3,A,2021-03-03
4108239c-5691-418b-891e-8a949eda2483,3082237,3,A,2022-01-09
c094a588-fc9e-48cb-9da5-4d018c01b304,6927931,1,C,2020-10-08
179c0398-7e82-4f0d-81b8-cb40546ddbad,6938352,3,C,2020-09-28
2b32d7c9-8af7-49e4-8e2a-fd56b9a055e8,1120295,2,A,2022-08-21
194a3f67-11bf-48fa-9121-85def2c9c820,4996834,3,A,2022-11-26
61841aea-5eb1-400f-bd83-83c629c97017,2377317,1,Pass,2022-05-25
baaa270a-dbe3-413a-908e-9609ed4b5a73,6298691,2,Pass,2024-07-21
9c2c799b-0aae-45bb-96ff-6a73515f3a3c,5176048,1,Pass,2023-12-06
4367efd6-4e9c-4541-a287-c4bcabe246c7,8968837,2,A,2024-05-23
1f9cdf10-4f66-4f1a-8dc2-808bf0c7474c,7730449,1,B,2020-06-30
31bd487d-08f2-4e0b-a52e-ad20ac275696,6664728,3,Pass,2023-11-30
ac9a8df1-b04f-4825-be96-ec8b6f7393b9,5666079,1,C,2023-02-05
51968591-52cd-4838-b6a8-7e27afa643c1,2892388,1,Pass,2021-08-05
fdc46387-124b-418d-a1ca-f70d0798fb48,2550498,1,Pass,2021-06-24
67b920d0-cfef-4c5f-ad04-d4b38c5808c3,9132290,1,Pass,2022-06-22
17eb6daa-9760-45cc-afc9-8b70fc0951e0,2205015,3,Pass,2024-02-09
e303ba15-be01-45e8-95d7-9f85cf49f30d,5796118,3,C,2022-08-04
7d7643a7-8f4e-4f84-b045-468c7a0a4b0f,6146216,3,Fail,2023-07-05
2562be99-ac8d-4e40-8d70-43aa704835c0,1932872,2,C,2024-05-01
8b61e170-d755-4bd3-9c47-5975920efa6b,4996834,1,A,2020-09-23
252d6aff-495b-43b2-8532-36a012a2e9b2,6970078,1,C,2020-01-07
df8c07d5-d88d-4144-949e-e8338c3b1679,8970256,2,Pass,2021-03-30
726d3dc8-2c8c-4d62-a885-edbd2e8c1a1b,3279749,3,A,2021-11-22
e9ce6ec2-89b6-4bc7-971b-87b16b8f2b1a,3725155,1,A,2020-04-17
38ce21ca-bf83-42aa-832f-eef0b2c8d6f7,7746195,2,Pass,2022-02-08
2a16894c-6780-490b-9fae-1d6cfc36eecc,7339565,1,Pass,2024-03-09
af7a867a-07f7-4c27-b147-789273c04e04,1874046,3,Pass,2021-07-13
92f86ed4-11e4-4a01-9b9d-ac6aaf223bc4,4601299,2,A,2020-03-15
c438372d-0516-45df-8546-d031971ea294,7045984,1,Fail,2023-08-07
34546539-9594-44ba-b867-0b33e39b4708,3178229,3,B,2020-09-14
e1d987ee-8e2c-4834-a81b-7328aa98abcd,6976394,2,Fail,2022-06-20
d66d797d-5f34-4669-bf74-16317b2f9b0a,6146216,2,A,2020-08-22
fee043cb-ac06-4f5d-bb18-0f88631386af,6131645,3,Fail,2022-05-10
3572b21e-367b-4efd-a61b-bdbef07d0ef6,1252605,1,Fail,2022-02-07
eb177bd9-cd6c-4347-8c6f-09287edda491,7702300,2,A,2024-01-06
3d99cc63-2233-412f-8c23-ffd399f88108,7107660,3,B,2022-06-19
27a090cb-a075-4eaf-a66d-3c651874b438,5826417,3,C,2020-03-24
9ab264ce-0bdb-463a-b364-5bc495e7c3c5,9613953,1,Pass,2024-11-29
73b02873-8800-4f5a-8f13-06ec4f4126a4,6019884,2,Fail,2024-04-14
fbb94391-ef85-433f-825b-c26f3546d759,1428330,1,Pass,2023-05-23
cdea7c2c-4647-475f-ac1a-4e634eceef8a,4581712,2,Fail,2024-10-07
40d7e836-f7e7-4209-9f80-20c9501723a0,6271113,1,Pass,2021-01-28
b42377ab-55af-4fa3-bfc4-df2ea554b294,8070313,3,C,2025-01-24
651660a3-eb02-40ee-b777-68a9ab06ce97,5176048,2,C,2020-01-06
10717db6-d441-48a7-a7ae-c8e0ad42c329,6475678,3,Pass,2022-05-12
464bfeb3-4e86-404a-9b06-a501a7f6d9d1,8331482,2,B,2020-04-22
742e66d9-1c0d-425d-b867-b858d1a6ee63,1711239,1,C,2020-04-12
01efd086-bd03-4e3e-a353-252e2660b243,3846932,2,Fail,2024-04-06
f4b25c7d-2c0b-4d5a-bd7d-e48443e82de2,2239436,2,Fail,2022-11-25
35e4c36a-eba4-4ec4-abec-b336ba3d6cfd,6739128,3,B,2020-08-02
cd036c83-0243-4572-96fd-d3c8ccdcc710,7753766,1,Fail,2023-06-06
bb297eb9-202f-4998-8c2c-4893c0094bf3,1799777,1,Fail,2024-09-06
645b4c14-a965-4290-b932-7339e8a1d606,8732088,2,B,2020-08-16
476ed349-9aa0-4b0c-bb41-7d6ff04bb01b,5929424,2,Fail,2022-12-04
648ddde3-2838-46bc-b6c2-16496504864a,5812498,2,Fail,2022-03-17
dadf9f15-9a68-4be7-ae6a-6c5ca341653d,7863018,2,B,2020-01-05
b2852ad6-c992-4138-ba9f-7ce64aa8e5aa,6595552,2,Fail,2024-09-21
f0b62b74-3f1f-4221-87bb-e6cd52c28052,4354661,2,C,2024-04-02
c5fa9e26-b0e0-4e27-944c-bdb4d025f052,3900696,1,Pass,2022-04-06
d802e594-a6f1-4a05-a222-6262835dfc78,9166232,3,A,2023-06-15
56a18eb2-db3d-4b2f-b763-ff0841865be3,5571908,1,Fail,2024-06-22
5902280a-ada4-4844-8bce-1792ed8d917f,9384549,2,Fail,2024-11-10
0c183b5e-ae77-4078-9cce-5449271a6e10,8527469,1,Fail,2020-02-28
64979520-8486-4337-8e83-bb38dac37c95,6568311,1,C,2022-02-18
dfe06bb1-dc80-4cb4-8809-7be6e296232b,4227912,1,C,2023-08-06
7e8a82b2-2b7a-4e2e-a7ef-0b23624cb309,4810784,1,Fail,2021-07-09
dc2b6704-7ce3-438a-82c4-351d2d118390,2393113,1,C,2021-06-19
462c3c6c-de1a-45a8-8efd-2ba257506974,4631504,1,Pass,2023-05-06
f9c3e7b9-236a-4ea1-b74e-aa0481b82c35,3808916,2,Fail,2022-02-20
ff6980d0-857d-4c8b-b6a2-0459668c0e3d,7429712,1,C,2024-12-27
cd180cf9-a6a3-4aa1-bffc-5c2b6e67b645,4591897,1,C,2020-04-22
319de74f-bc2c-45ca-933c-233ae8b21873,7145192,3,A,2024-11-19
ce8d3987-d234-4094-9249-360bc2b61fc9,4622949,1,Pass,2021-04-07
57660f4d-3318-4cf8-83cb-46afcaeb0ac8,9926211,3,B,2022-08-20
1a1b0e57-9134-446b-8013-4aee6d424c44,3586770,2,A,2021-02-20
23f82909-eb94-4393-ab35-c7a2f7dd94f4,9919482,2,A,2021-02-08
13aa5b74-444f-45ed-ab30-b83d64da7187,4356793,1,Pass,2023-10-22
60939942-f7b1-40f4-86c3-57e574a225df,1799777,3,Pass,2024-11-14
3b10842f-7bd7-4f98-a72d-ee762be442b9,5563898,1,Pass,2023-12-13
6af8b55d-ec7a-4d21-b6ff-df2a07e196e9,4872706,1,A,2023-01-08
557ee0cf-7bb0-4d9c-8ae8-124977d83318,4872706,3,C,2020-02-09
05870f8a-1661-42ab-bcdf-62a9fd3d6744,2391590,2,Pass,2022-10-10
7bcff96c-a09a-4b1f-abf5-81e7f91fbae3,5796118,2,Pass,2021-10-11
b620598a-1424-45e8-9cbd-d23e489921e7,6829990,3,B,2021-12-20
8fe312c5-eeb6-459c-b4d4-0d69ca05c2e7,7394639,2,C,2022-07-21
3feff653-f689-40bb-9c1a-f1302e73f065,1711239,2,Pass,2023-10-07
e3c558a1-1fd8-4a38-af2b-d114bcf960c4,5834728,1,A,2021-04-04
a7e05cc5-a1fa-42d8-ba15-a22f343ecde6,2205015,3,B,2021-10-26
b8b6c4cc-5489-4fe1-8191-9b6927eb08fb,1639014,1,C,2024-05-18
140af8f4-7e0f-4793-babd-6b4008b1c847,6829990,1,Pass,2022-02-23
a44ccb97-89ff-416f-9ac5-d0721a8d32db,7778942,2,C,2024-08-05
b7b8277c-0638-4347-a54a-df5870d269ef,2541662,1,Fail,2021-03-12
b094b865-20ce-4145-94ca-f43764426950,6225266,1,B,2024-06-03
0b283b52-b132-4048-9cb5-bbd736edcf24,1826754,3,Pass,2021-12-08
3530fd4d-a5f3-4c0c-9f47-212a4105ae2a,6964159,1,Fail,2023-01-31
59f634db-61fc-4a3e-92a9-ce753eb1e064,3878343,1,Pass,2020-12-16
462089a7-b78e-486f-adc8-ebf8bb13ccb0,9214914,3,Fail,2022-07-28
be42bdd3-1042-4347-89f4-0a6271b88be0,6970078,3,A,2020-05-08
f7c3d267-454c-4b4b-8219-4fbddc375ee0,3936418,3,Pass,2024-03-09
d9248929-8f04-4374-8f2d-cd1d797c7484,2677021,1,B,2025-01-07
6960f80a-9846-4b5f-a958-3d57533359c1,6761289,1,Pass,2021-08-30
b53b78df-a221-482b-ae41-262e4f793297,1326551,3,Fail,2024-01-20
51fe3461-dae8-4730-bf3e-c40ae5317b9e,7863018,3,A,2023-05-02
1b11ffb3-e751-47da-8e84-fcfb5f9a802c,2023445,2,C,2020-01-13
34efc78b-b54d-447b-a24d-eabfec1abb4a,1738476,1,B,2021-08-05
f8d2e5e3-5267-4ae8-ac53-fe85c3aa788a,1752819,2,Fail,2023-11-13
8d0286e2-86c7-43ce-858a-560fdf765154,2532046,3,Fail,2021-02-05
a33e6ad8-dd5b-479e-8d0f-1a327f384c51,5176048,1,Pass,2024-07-19
414b03ef-06bd-4a83-8464-14533fa62c3f,9739307,2,Pass,2020-01-12
630bde64-113f-4ee2-a914-cb95562eedad,7863018,3,Pass,2020-12-06
dbdcd1d0-a262-4e6c-913d-1b377eee54b7,5521486,2,Pass,2020-07-19
1ffe7eb3-db56-4709-8df3-7cca67887410,4347334,2,C,2024-02-04
68c0e856-aadc-4968-9fb4-2071e8ff8b9b,4622949,1,A,2022-08-29
8ada6b54-def6-42b8-8ced-3cec728719ba,6310856,3,Pass,2020-02-23
f52d19ba-da20-4f9f-a15e-4a3b21c83d3f,7394639,3,Pass,2022-10-16
6d56f936-e613-4e49-9edc-f07d0d79551c,7107660,3,A,2023-10-16
f0245989-92d9-4eee-83e3-9f101d489869,1745685,3,A,2022-01-14
837c959e-f4ea-446b-9ca2-c658346a18b9,1252605,1,Fail,2022-08-13
7799a755-f072-4dda-9e7b-bf75b6243e03,1428330,2,A,2021-10-29
1142de8f-0fec-4d38-a97b-4d2ec363b587,5854498,1,A,2020-03-12
e86cd9f9-d4c3-4685-9b37-ad89f31fabec,8925563,1,Pass,2020-01-07
d638cbb9-69ea-49cc-a5f3-4f3fbda05277,5403583,3,C,2020-06-22
de07296e-4545-4e85-a717-98cc800925a5,8877472,2,B,2021-12-01
f75587d4-8957-4229-9150-4fceb8a2662c,5149925,3,C,2022-12-25
03fa424e-e0e9-41f9-8fdc-17cb40946544,2541662,1,C,2022-09-13
563e78ad-8163-40fe-8462-fc8494725775,2786450,3,Pass,2024-01-05
bc5fc903-30dc-42bf-bb68-92304941eada,5944365,2,B,2021-07-07
d2a4da8d-8bce-4c54-9336-18888d524f09,4872706,2,A,2024-01-18
884e4cbb-9f85-4ed9-8c6b-b3660cb43e33,8010940,2,A,2021-01-18
3d8e993b-de3b-4cb8-a290-42d888e90dfa,7867912,2,Pass,2021-05-09
9cced835-302d-42d0-b454-eb47a106b6ac,7675392,3,Pass,2020-07-27
881e2b62-8e06-47ac-b0fe-3b079ae7830c,2091278,1,B,2022-10-25
b7757d79-6deb-45e3-8b3b-543a4ec3d0b2,2436442,1,A,2020-05-23
b364e36f-8cc7-4c81-957b-e230e4cdf4b0,7875673,2,Pass,2020-08-27
e6ef5f07-264d-4f39-bd60-a782b589edb6,4846901,3,Fail,2020-03-26
fa8720ae-b388-441b-b47e-1ed3e3e28858,2020282,3,A,2021-08-03
3e4bc848-716a-447d-87fa-84c834d41329,5584236,1,Fail,2024-11-22
ed54be28-b077-4c5c-b0f1-25f859842eab,9919482,1,B,2023-09-15
a1c7092f-ee7e-4c43-966a-a093cb2e495a,8563497,1,Pass,2023-07-20
197d7da6-a741-49ca-a075-99e63419375c,2798817,1,B,2024-11-12
8bf00501-a75c-4d98-89ae-743848751ea7,4357069,1,C,2022-06-29
6a084298-0c90-43e2-af05-bea9113b9dda,8798903,3,B,2021-07-27
674a6d19-d052-412b-a5bc-072382440829,3953543,1,Pass,2023-09-24
a3add02d-3141-44f8-a4ca-aeac007dfdfb,7429712,1,Fail,2024-04-11
63ae62e4-0628-4603-b70d-855bd599dcb0,6415292,2,Fail,2024-09-26
0b2d6dc9-f320-4757-b0a1-e251d340833c,6028983,3,Fail,2024-03-18
0b4c18b4-603f-4b6a-ade0-6d305b4c937f,9387346,2,B,2024-10-22
595f6001-356b-4e8f-84f2-024f07a5c2ca,2886274,1,C,2022-04-28
00b89bca-1119-427d-b71d-f828a495fb51,8869418,1,B,2024-06-24
c14e9b12-2bee-492e-98ed-46d24777aac2,5986499,2,A,2023-05-25
90a29e8d-f039-4701-8c9f-a7d79837caf1,8188993,1,C,2025-01-22
8df4ed39-6c27-429c-a59a-315c252d11a8,6076307,2,Fail,2021-11-01
377057a4-c767-4489-9791-33df2cbee06e,1711239,1,A,2020-11-11
86dddf91-4f5d-4734-a14f-1981a229f2e6,8187078,2,C,2022-09-22
10b26900-47c8-4e1a-b500-9d69aff06aef,6277509,3,Pass,2023-08-10
918999e4-b833-4afd-9f11-b29c95928dd8,3499439,2,A,2024-10-02
82a2343b-9ffb-4205-a3c2-15121b6dd5ca,7671597,1,C,2022-09-21
b54b05dc-2739-46d8-bda7-be7871395a68,6178348,3,B,2020-12-26
13a26c45-ebb5-4e26-91a1-1504a2f0e244,6878800,1,B,2022-09-12
da470228-6d12-4c6b-a45e-1416ea2716a9,5658510,3,B,2023-04-05
047d746b-b08f-497e-9211-8ffe5547f871,7615704,1,C,2023-10-09
96833226-1d05-47e5-bc33-880358fa03bc,3936418,1,Pass,2024-11-07
d5e37df8-55a1-4474-a7cc-44ffe1b971c1,2091278,3,Pass,2023-11-29
5a562b28-e025-4ca8-91b0-7c1f1f99e78f,1014575,2,A,2020-04-11
a007881e-cdf6-492d-af50-b3ac345d5c95,2168922,1,Pass,2024-12-16
110867bb-0670-4554-8db2-d0542d4955e7,3168400,1,Pass,2021-12-20
303b1c11-36d3-4e79-bc25-0283be4f179b,6568311,1,C,2023-05-12
73e83efd-cb7e-43c5-8ba5-1d54d747afe1,6357101,3,B,2023-08-26
02b27ff1-03a3-44c3-af7a-6dcf9b7b057e,2880221,2,A,2020-10-16
4fdc2218-ee62-4d3c-952f-7f1e6fb589b9,2886274,1,A,2023-05-19
3ef1f7f5-c8b1-4b0f-b8cb-2f3baa600fba,4284779,2,B,2024-11-22
59b706ed-de86-426d-ac03-04273185bf08,2950982,2,Pass,2024-03-14
de759b8b-6494-433d-b234-cdda979d565f,8869418,2,C,2023-11-04
202255b3-bd59-4e5c-ab96-f4bf2816a438,2332736,3,C,2022-04-28
351b19c5-da3f-4603-b33c-3865a321c114,8392452,1,A,2024-08-06
66372448-723f-412f-80dc-781f064a56ec,6033582,1,A,2021-03-31
57007d55-781d-4602-a3df-9c2ec4f5f471,8226229,1,B,2022-01-27
fe076a3f-4cee-45c1-a190-15e106151e10,6674371,1,B,2022-02-01
85f92d98-65c4-4bed-a4a7-54f5cf4dc875,8587935,1,A,2023-11-23
a803317d-e706-49a9-b392-505067fc0be0,2644481,2,C,2024-07-25
e34e8c36-0870-4c98-a4b8-03ee4c20607c,1495349,3,A,2020-06-10
f5b05743-bd05-4eb4-9e20-68e5632e313f,7993857,3,C,2024-10-09
34bb3366-1ef3-454f-9d4a-292d6c8e1525,9613953,1,Fail,2020-09-19
48ebf924-1f13-47f7-82d8-55f682d4c78f,1727542,2,A,2023-05-29
a5d28a84-1a7f-4230-b1c3-42adfc6fa0a3,8020183,3,C,2024-08-05
a7ce4f55-fae9-4210-9e37-0b017fe5128c,6288183,3,A,2023-08-10
065c80cd-fb15-4667-9477-1bb33f814302,1711239,3,B,2022-01-02
bcfa32cd-c40e-40c3-a0ec-4bdefd081c2a,8226229,2,C,2024-12-24
ddd34a9a-28ce-4548-93c4-f4a6f267680e,1856998,1,A,2021-03-26
78516991-1716-4a1c-b955-cd0c376a737b,4354661,3,Fail,2023-04-19
e66cc94c-3f11-44dd-8857-456b68c3cce4,1002641,2,B,2023-03-06
555ba39c-7a20-4770-b8f4-d344cd1ff440,9345657,3,Fail,2023-04-19
d7c9e4ef-70ec-496e-8479-3e1efdf30b93,1874046,1,Pass,2024-07-20
b6512b52-3e43-416d-a735-807dc8367462,8354511,2,C,2024-03-02
db8c3dcd-4b8d-4632-9637-e8b7436f13d1,9724647,1,Pass,2020-11-04
7b9d925a-7fe1-46bf-a115-9e773e653844,2239436,1,C,2020-08-06
7f7efef2-84c0-43bd-9725-e039556515f7,6835073,1,C,2022-06-09
6bac542e-61e5-440c-9c87-7a45bd5ad0aa,1738476,1,Fail,2024-01-26
9c154a04-fe52-47e9-ba5d-083b63c1c97e,6976394,3,A,2020-04-07
f4b78fd4-b581-4235-a2d3-597025af8382,4749418,2,C,2020-09-14
fba63bb8-f688-40f5-8e40-d4034c6816d3,5417183,3,A,2023-04-14
2c184146-1f87-43bd-94f9-9ff4de828355,1910624,1,Fail,2024-04-06
3f02578a-e039-4a1a-ac66-e845181a6523,3171710,1,Pass,2022-07-21
f93acfee-2727-48c9-84e7-48eb2c6322cb,7200645,2,A,2023-03-05
4973ad8f-bc68-4fe5-9323-f0229c91416e,2215743,1,C,2025-01-11
96be59f2-0bc1-4e7f-923e-9504826d2130,4284779,3,C,2023-12-09
caff3526-8c17-4c9e-9f97-0b8ba8e18dc2,6504530,1,Fail,2024-08-18
7d28a404-753b-4dda-8389-48c19184b050,5479330,2,Pass,2020-07-27
bf2fab2f-4c97-477d-bf2d-7a7c1b433a86,5890199,1,Fail,2022-01-31
f062fc67-1801-4eab-9dbc-0c92d629496c,7421842,2,Pass,2022-09-30
e3552da4-58bb-4520-b12a-42ad9fe74911,1738476,1,A,2024-12-22
7dae4e50-5ae7-4a80-9664-6cf7c1872ec3,9642954,2,B,2023-08-23
591c2396-ce8c-46f7-80d5-1166dbd9b530,2550498,1,C,2020-03-16
705d9f6a-ade4-4926-8da4-f79689cd9bfa,1427163,2,B,2021-06-06
f866bb4e-d787-4727-b989-781d38d08c18,1216135,1,C,2021-08-15
0ed43b9c-546b-4d02-89f0-c968ea111013,2157259,1,A,2023-02-24
58cb80ed-8f7f-4ac3-b240-ef6a45dff72c,3606771,3,Fail,2021-04-08
3df840e7-2a13-48c1-b9cc-cdd9f18382ff,3499439,1,Fail,2020-05-04
f2dac6e3-0afc-4862-9c0f-20cc8611d63b,7993857,3,B,2024-06-12
083fc2e4-04f3-42e2-a395-ebb68f066fc9,3758145,2,B,2024-02-27
2f3da394-1b16-4f04-9389-673decbe4fed,7970177,1,Pass,2021-03-13
b659a8b4-786d-4fe5-ba7f-eb0d9e3d4677,3586770,1,Fail,2024-10-15
5ec5491c-fdc7-4851-908f-19ef963487e5,7306100,2,Fail,2023-07-31
4a7c5244-b7b8-43e7-bb5d-55dcd28102dd,1932872,2,A,2023-04-26
1f2ac58f-432a-48e1-8546-e8200bd04db1,2324292,3,Fail,2023-04-11
b53a96fb-0e81-4c88-982e-839050ddcc33,5098657,2,C,2022-02-09
d588ff8f-55ac-4b7b-86f4-3965d068a9c0,5176048,1,B,2024-04-23
dd817b55-235e-475b-afbf-d441f904791c,5091460,1,C,2021-03-10
bff9ecb5-f53d-40c0-bc1f-d03f872b8ce3,4232576,2,Fail,2024-09-14
d78583f0-7c09-4290-a070-3837b8d51dcb,7943582,2,Pass,2023-07-16
9d5c91f4-becc-4ded-9527-32116d00a7fc,3586770,3,B,2021-04-27
b0329084-bfaf-4276-bb4f-bebd4e35ad5f,7671597,3,B,2021-05-13
19b2ba2e-7c96-4e16-93fe-1dfb1538d003,7867912,3,Fail,2023-10-23
462104b4-2ffe-486e-8bac-1efe38d54d70,7730449,1,Pass,2021-09-13
cbc669d4-d9e2-4956-a537-7524d2e45ba9,4784344,3,C,2024-05-11
78d60f96-0330-43fb-9ae8-94d0a4e3ce89,6664728,2,C,2024-08-10
5b654fef-d28e-48f0-8c09-4873eff27663,4992077,1,Fail,2022-11-09
c42862ed-a7d5-441e-abc3-1334590830f8,9813169,2,A,2020-09-08
d339eb14-9274-4f92-bfee-c1790a3158bb,8732088,1,Pass,2023-08-21
a5c96c43-5680-4127-b4c2-fc190877e831,8187078,1,Pass,2021-05-13
c8f0ce68-99e3-495f-bdc8-fdfc0de11276,5986499,2,C,2022-09-15
070cc4ff-b3a5-42b7-aca4-72490b3b7bb7,3257910,1,Fail,2023-11-28
d147ec8a-d1c2-4bc5-a3e2-fee949a6fc47,7570670,1,B,2022-11-16
6281a13b-af3e-462e-b5b2-8027d6dff548,1727542,1,B,2020-10-10
b8b11625-d0b5-4843-85e8-9d06761bfb48,2823757,3,Pass,2020-03-23
6324f7da-60e5-4eb3-85a5-25575e23c51f,6019884,3,Pass,2023-04-09
e95e90b4-a7ed-42f3-8753-d2d3546783c1,8415315,1,Pass,2024-05-29
b83e28d1-a1ff-45e3-be0c-6635220c1531,8659051,2,A,2020-10-16
5f0f4273-0f41-4a66-babf-662515ba83c5,1230372,2,B,2022-06-20
e67df195-f8fd-4d4c-bb9f-0798f41a8714,1983734,1,B,2020-02-29
2ca1ebeb-b876-4a76-b185-148e47aaeed4,8114796,1,Fail,2022-01-16
0d08b941-21b8-40f1-a54b-6aee3701b446,4207273,3,Pass,2023-01-01
b52237be-0321-416d-baf8-46eccc56f65d,1239287,1,C,2021-04-12
87969557-625e-4017-9ca6-a6d209218c21,4284779,1,C,2024-12-14
cf2e6461-b386-4b65-9b10-039f3304ec0a,2835552,1,A,2021-01-20
a29af0b7-7739-4475-8828-848cf75803a8,1311273,2,Pass,2020-04-25
52137cda-6774-42b4-a674-68a18c047e5a,6976394,2,A,2022-09-29
532a6b8b-c52a-4732-8ab2-768a32ce3b89,1311273,3,B,2023-07-12
9b0c1883-6768-4b5e-be4f-1cef14a6ebeb,5491324,3,A,2022-09-27
3bab6d1a-83ce-4a92-a6e0-2e7e14db7e08,4260625,2,A,2020-10-11
feee5b32-cf70-43f8-a761-c58c5a03a874,1128992,2,Fail,2020-02-01
2baf1364-e0bd-487a-b9d4-6f3ebaad2c21,7089454,3,C,2024-04-19
dd43c32b-26d7-43af-b6a8-7724a49f01e0,1018422,1,C,2023-10-29
44b1614c-ac2a-43ea-a766-b1ef04041f13,7641069,2,Pass,2020-03-16
97c60d73-4c3c-4b11-81f1-34cbd90562ed,2550498,3,Fail,2020-02-24
32364788-1aa6-4596-867a-3a09e6c8a112,2198853,1,Pass,2024-08-10
4ef4c81f-fe35-4dcf-a8f0-123deeea9b04,5512786,2,A,2022-08-25
e7ffd90d-d501-40cf-9113-ebc615ee2da9,4675359,1,Fail,2023-02-28
8250d315-3935-4868-8c91-a852b6a142cc,8519722,1,Pass,2020-05-20
f93106ca-9f8a-46d6-bfaf-a812a02aa5f8,6473089,3,Fail,2020-04-17
1c89e452-b8e5-4afd-bee9-9366fc9ed066,7344286,1,B,2022-11-04
1524beac-258c-4c9c-9e0a-5d574fc60833,2880221,1,Pass,2023-03-29
c12f31f2-ba10-4f4f-af74-836f14064620,6445213,1,Fail,2020-08-12
ee1e3949-87c6-442c-a488-6847c6f80bbe,1727542,1,B,2024-11-29
d4939445-7ca8-4f31-8fb4-4bef41fc83ca,5538200,2,C,2023-05-09
017ff1aa-85d4-4f9b-98a8-f56e9e19d011,6650222,1,A,2020-07-18
bbd74e03-666c-45ca-8b97-35af090e24e3,9145225,3,Fail,2022-05-01
46bd8806-2db9-490b-85db-90bd6c604cd5,5890199,1,Fail,2020-01-29
c5753d84-8695-4770-88ca-b91accb1363e,8114796,2,Fail,2024-12-19
9ffb49f7-bc23-40df-a630-4902c5d85402,1118512,3,C,2020-04-25
13af59f4-0f6f-4f43-b1cf-2e84e41eec73,2239436,2,C,2020-10-28
3890fc28-c5f0-4af1-8395-d2f9e0c62fb1,9387346,2,Fail,2024-10-17
1402d649-4da1-41db-b87a-863efe1c6815,9384549,1,Fail,2023-08-21
764528d6-59b2-4981-89de-2cc917cb2296,2436442,2,C,2023-07-06
4741cdf1-21e7-44e1-9271-949fe835e46a,6494864,1,Fail,2020-04-07
20155cdf-1cad-4d22-9e48-e7b42d1f0407,3001289,2,Fail,2024-10-28
5558d3fc-bb4f-410e-a873-035a365a82aa,9620139,2,Pass,2021-12-24
d601626b-eeff-43ba-9127-2eaa0e749d0b,8188993,2,B,2021-01-19
477fa534-dedc-4a8c-8b37-8878d9db84b7,9936301,1,A,2022-03-22
d2bb8dd5-070e-4113-a829-a1093be3ca02,3203529,2,Pass,2022-06-25
87363fc6-b4f7-46af-b6e9-58cee9a739a5,4996834,3,Pass,2022-02-26
2eb60ff7-b40d-4b88-875e-24fe297e0e5f,9387346,3,C,2021-11-08
a6055e41-efb3-4e78-b6b0-841c139f4c57,3758145,2,Pass,2020-10-11
ac742e1b-5a1c-415d-b9a3-e136dca61c43,7337485,3,B,2024-10-15
6548d7aa-c8e7-4285-92e2-0e1d1e1d55cd,4631504,3,Fail,2023-04-18
c76d65c7-385f-4ab3-882c-1c8fcb79b14d,4347334,2,A,2024-08-13
e8c998db-97c5-467f-b43b-10600d71ffa0,7778942,2,Pass,2020-09-18
8d9efd0a-e8f2-4b2f-9a60-cec7e36cbfc5,4996834,2,C,2023-03-01
a634ca9d-08fc-4fe8-a78a-dfee8113bb44,9819983,3,Fail,2024-10-19
6d201e95-7ff1-4824-9c81-175f223a9e5c,5479330,2,Pass,2023-10-17
0c92f652-0e55-4e38-9109-e3178ca90a15,5072279,1,Pass,2021-06-04
6907a443-45c3-427b-ae48-ad4141299287,9132290,3,A,2021-07-19
7e0d5e09-25ce-4731-8b2d-7ee2d8eeb8da,6374987,1,Fail,2022-10-11
c51d3e1e-9ae9-4883-a379-990b8bbad89b,2332736,1,B,2022-08-15
0e447223-222c-4088-a42e-e822cb1bc887,4846901,3,Fail,2021-04-17
ea303bfc-107e-4484-8057-72b44ba2fdc6,2225739,1,Fail,2022-06-16
49f5f1a8-7994-4408-8b2c-28e4e88868b3,4096519,1,A,2020-03-09
81f1c093-d5b3-4873-a3b9-715a9badac32,1639014,3,A,2021-07-17
dda6c9eb-59fe-4e26-9f0b-6bf062278be9,5417183,1,B,2022-02-14
01d4837e-4df4-43f6-b03f-ee7781dd5aa7,6028556,3,C,2023-11-30
19d3d27b-fa63-4de4-bf4a-405d3be3e4b4,1425082,2,B,2024-11-19
39625c30-8a7e-493f-9951-ab8ab00ed1b7,1027357,3,C,2020-09-06
b35f6d57-6c0a-4458-885f-a420175792cc,1120295,3,C,2020-02-19
1d6e88ce-74ab-4120-ad21-6c7a5bc66842,2677021,1,C,2023-03-05
27ad0990-f161-4a56-bde8-f32c4a6ec62b,7079786,2,A,2023-07-18
49282584-3239-4433-afe3-d688e9b2e690,3879109,1,C,2024-09-24
24f35f7e-5edf-45c6-8cde-3248b1f44b3c,1639014,2,B,2020-04-21
da69cc51-5de8-458d-bc84-e4190cb72c1c,5072279,1,Fail,2020-07-12
9fe831e2-9061-4e6c-99d2-6746c6d150f5,6225266,1,C,2020-02-13
8ba5534a-5c77-440c-b54b-3ed34e52c902,2912415,3,Fail,2020-08-06
78ab9bb5-493d-4ae0-b5b9-e6539c1eb25a,3001289,3,B,2024-06-28
b743fa47-d88f-40e8-bc95-3de36d783cb5,5636843,3,A,2021-07-21
d85a879c-0314-41c7-a7b6-3d5bee9f6983,8114796,2,A,2024-10-03
156a1b5a-e8da-4659-bd29-e12c6c79b318,7753766,1,B,2023-10-23
9b9b2a43-83b8-46a9-bed1-d980aecaeedb,9603340,1,B,2023-08-10
63e03e30-47da-4945-ac8c-ee5997d4815f,3293909,3,A,2022-12-03
d5a76606-fd2e-4db6-a100-8ba2dccb4a61,4284779,2,Fail,2022-10-27
9436a0ef-d56e-4dc4-98c8-89a6e25aab99,3879109,3,Fail,2022-01-31
dbaae74a-ec95-4005-9190-9323c87b82db,1717811,1,Pass,2024-07-05
6ab27c3c-f33b-4d47-bbc8-d2a433853fc5,7746195,2,C,2024-02-27
f4d47d18-fe45-412e-b5f4-b6a8426b640f,6028556,2,Pass,2020-10-20
ff8dfe77-d7b3-4bb0-8487-4d7401b76964,3603142,3,B,2021-12-06
af6b3696-91d4-4be8-a1bd-b29d61c45c01,4108555,1,B,2020-07-29
4e78d7d4-1f0c-49de-b125-42a4054c2f02,4096519,1,C,2021-06-14
190e1f70-d7b8-41df-b041-16787c24c5cb,2110754,2,Fail,2020-02-24
27c00089-cb15-42ec-b435-8ad9efb9d74f,2329244,3,Pass,2021-05-19
28775c69-1398-4c1e-bdc4-2bb678febdb1,2329861,1,A,2022-01-22
62a8d49d-ed3d-490c-a105-d7589f480ce7,1374236,1,B,2023-05-24
fbf49c66-3365-4834-825f-eb2d7c106625,1639733,2,B,2024-11-17
7f40f04c-4e1b-48dc-9099-163f0ac3209f,7384639,2,Pass,2022-12-29
7b04753f-31e0-4ce9-986f-8ab01c2faada,9210501,3,A,2024-11-11
1fa99fe2-0978-4d34-ba71-5e9023bcb191,9763992,3,B,2020-04-19
01ce2efb-0996-48ba-a2fa-b9b3798c65c2,6374987,2,B,2023-01-03
890ae770-5ed0-481c-b367-4fc111964e10,6256709,2,Pass,2024-06-11
5bda8a3a-6cb2-43d3-a819-4b710c8141c8,4227912,2,B,2023-06-29
2153aebe-704a-4363-a981-f099776ef596,6804354,1,Fail,2022-01-25
4c00b617-68db-4c19-9898-44e54e5e00ed,9984897,3,B,2020-08-05
3456cd91-764d-43dc-9e76-74efa014d418,6271113,2,C,2024-05-31
2662adcb-0b99-4aad-a5c5-08f343991457,4232576,2,Fail,2023-06-11
6c93ab25-329e-4d86-ae64-53fc71c62630,6970078,1,C,2020-02-06
21528643-033a-4cff-96e6-5767871717b1,3758145,3,B,2021-02-21
c9920945-231b-44f5-bf7c-855236402bf9,3178229,2,C,2024-04-24
d6b48b11-5319-472c-a929-b0566f556346,7993857,2,B,2020-10-08
1a5b010f-fd6c-4c10-ab0b-c706f7f311f3,3499439,3,Fail,2025-01-16
b8b452e1-76f3-4b5f-8a0c-120773e07d79,5563898,2,A,2022-02-15
e32646a6-d597-426f-bdf4-614c518c3385,3902728,3,A,2022-03-27
0d2e6f3c-da8e-4040-adf8-d098a3f86165,1252605,1,Fail,2020-08-15
c6bdd521-a925-487a-814d-b24bcfd40c49,3289756,2,A,2023-09-02
cf0e99df-4343-4353-9dd8-50522df26365,1495349,2,Pass,2022-05-13
6570aa0a-b5a8-42b5-a5e2-7ae7fa47a3dd,9402367,2,B,2021-08-12
acd77c47-d913-4328-a513-80fba606b5e0,6028983,2,A,2020-04-11
76a52016-897d-43bf-8bcb-89a168a9c7df,5866113,3,A,2020-03-28
cdc53387-2880-4cec-b23d-3a8a2fe4cc3a,4260625,2,Fail,2024-06-13
4dbacc74-e60e-47fa-ae30-d3069f85a0f8,7615704,3,B,2020-12-28
49b76561-caf7-469f-a418-efa0f18f5cab,9739307,2,A,2020-01-13
5de163da-ca9d-4f0b-9eb2-1f10686ac5eb,6938352,2,A,2024-05-25
974b96cc-f6ef-4ae6-a038-22a3a0af8bab,5538200,3,B,2023-08-13
1f8ac8a6-18fa-409e-a6ac-8c52f694b068,9984897,1,Fail,2022-10-28
b450274a-495a-43f3-bdb3-4d1563fed9f8,6837668,2,Pass,2024-09-10
656add1e-1615-40d3-9aba-39e44e552fcb,6674371,1,C,2023-01-04
60e2c493-82c4-4de5-a1a6-9e559c4864e9,1270389,3,Pass,2023-07-07
895c6170-2a4b-4221-98dd-cb2d9c66deb5,5347760,1,Fail,2024-01-23
494ff038-5ca9-42d0-b48c-1e094bf94de4,5867951,3,Pass,2024-09-13
518a031c-c023-44b2-b46d-88a8916e2c33,3953543,1,B,2023-02-10
8d04b1f3-1407-4ecd-92e3-bf2252381e6e,4723566,3,Fail,2022-03-11
c0100313-26ae-4467-8996-bf19972027b2,3168400,2,Fail,2023-08-26
e28fe34a-69cf-4474-9105-1889c52c5f61,8563497,2,Fail,2023-01-16
6b84c53d-2c29-4138-9de2-dec5ee4b9d30,4258808,3,Pass,2024-09-02
40de8fe1-4d6a-451d-a067-490cdf7062bf,2862289,2,Pass,2023-12-19
bcb6f87d-941c-4dfc-b27e-b84b641c59a9,3499439,3,A,2023-09-08
3ae7f95c-cdc0-4003-9c21-3af663f15ad4,3936418,3,B,2022-02-26
156cebe3-a7c9-4d1d-a0b2-c2bfeed515c1,5034537,2,Fail,2024-10-25
13b7e089-b64e-4373-aacd-1c669ed66356,2005180,3,A,2022-05-24
88cb5861-5ab3-424b-b91b-ae55276f0fac,3953543,2,Pass,2024-10-22
d300936b-7218-42de-9a45-6fbb1b0525f0,7114099,3,Pass,2020-01-04
e3fa3a5c-b327-444b-b8b6-f4e425818e1c,9620139,3,Pass,2024-10-25
785abf69-2d5c-43a9-ab3d-c71de8526786,7730449,2,B,2023-06-03
9de061aa-a4e8-4258-9c73-d5c23debb089,5990001,3,C,2021-07-01
9dd89f57-fd4f-425d-a4e0-5a0c49a68876,6919628,2,B,2024-05-27
e4f3bf71-eb63-4a5d-a857-cb6286be17f8,2886274,2,Pass,2023-09-09
60d4b4c4-6958-4f3f-a719-c8826ad37d8b,7778942,3,C,2020-11-27
1492edd1-5823-42a4-bc0f-a44329e59745,1428330,2,Fail,2020-04-17
609ca8ca-e354-43e5-806c-59ec658714b6,5098657,2,B,2022-07-14
aecb99a2-aa8d-44b1-bd13-296f6892c954,8659051,2,Pass,2020-12-10
14d4ddb1-8d67-40eb-8aac-58488a0ee396,1417235,3,A,2021-05-19
359410c4-1b22-44eb-bd73-3eea7e7ae752,4992077,3,Fail,2024-12-20
59d853a3-01b3-44d9-aca0-3a28159e429b,1197025,3,B,2020-02-05
d59229cc-f894-4b39-847d-44e4d75b192f,5065746,2,B,2020-12-24
32e6ce6b-fee2-46ff-abe5-2acb81c9bddf,2880221,1,C,2024-06-25
5952f9dd-2d99-4c9e-96cb-a7009feea2ea,3879109,2,B,2023-01-08
ef7b3a6b-023e-4c04-893b-6cc5b8742a66,4241078,1,Fail,2022-06-17
9000517a-d0de-4d5b-b293-2e947df87b52,3374674,3,B,2021-07-30
6809c87b-a599-4be2-bcd6-b03c4c6487b9,8010940,1,A,2023-11-15
3273d9db-145c-461b-9a59-4cd6c33070c6,5666079,1,Fail,2024-12-13
a34713e3-27ff-4dda-8ede-ab7c620e418d,6595552,1,Fail,2022-06-05
c9914f81-9f74-4251-8de3-4c9de95b254f,1445034,3,Pass,2022-03-09
7c1e1353-d7a1-4aba-9f4f-d9d7c127dc64,8707822,3,Fail,2024-06-04
e24f7f48-eafa-4d16-b3c0-87b31f94404c,8367250,3,B,2020-09-14
90d6d169-d8ac-4ed9-8f90-c271538e5742,9690204,1,B,2021-12-06
f2eaa5ca-5040-4b8f-980f-cf7433d1b5b7,6837668,3,Fail,2020-06-18
b461c7cd-2437-4a85-a978-fbd21649326f,7082998,3,A,2021-09-14
e3df094f-3cb4-44ad-961d-2a72629654cc,1799777,1,Fail,2020-04-07
59e44351-a91d-4734-87e1-3f11122fd8c1,2835552,1,C,2020-03-18
843af630-b482-4f72-b083-ac200f3d738f,9145225,1,C,2021-12-22
a90851ed-698f-4a4d-91e4-7b89da5b6459,3499439,1,B,2020-11-02
8b255d8b-4432-4aad-a103-f2eb0d829cfb,5892919,2,B,2024-10-30
5bbac7c2-2ad1-45a2-ad1e-fb643bb58123,4787828,3,C,2022-08-19
48051a8f-1286-417b-9e3c-fcb858b26de1,6595552,3,B,2021-01-25
c2940bf5-5dfa-492f-9c8e-ab9ea7a247bd,1498110,1,A,2023-10-03
f51ca6a7-fa1e-4f11-926d-dc23befd4f94,9778537,1,Pass,2021-01-30
e34f15fb-f589-47ee-92ad-a733be776437,5632861,3,C,2024-12-22
a17b363f-35a5-4a9f-9685-50b486f0657a,3253674,2,B,2021-08-15
1abc0f5f-356f-40b5-bf37-e9af44e7d143,3936418,1,C,2022-03-21
43c1f222-4b50-4067-a880-4f6af024ea09,3864888,3,B,2022-05-25
5a49d982-f5ca-4b02-b006-442187c664fd,5681077,1,Pass,2022-07-29
fc5189a1-0803-4f90-8457-c1d26bdfa583,6374987,3,B,2023-06-08
c04364d9-5c25-476d-8d95-fe6a56519432,2157259,1,C,2022-10-26
e8bf8c47-bfc4-46bc-b16a-e661bf2fdd46,5563898,3,B,2024-09-02
74afd10f-c225-4623-9042-16d304dbf321,9269882,3,B,2021-08-06
a57e3941-245a-4287-bc28-e33f5c35a270,9690204,2,B,2024-04-30
51433140-8c11-46d7-856e-4e55542390c7,6938352,3,A,2020-06-01
1450d4e3-6597-444d-93cd-d36eaef7ea15,9568716,1,C,2023-06-28
65362286-a116-4558-a590-1a0f5e8a926b,6837668,2,Pass,2020-12-24
6d71c945-74f6-429d-812f-42ecebe060e5,7677717,2,Fail,2022-05-31
196281b6-e5b3-45ef-a9c6-6c5b38551fbf,7287895,2,A,2022-04-19
9cc931ad-75c6-415a-a77d-3ba490b9e2bf,1018422,3,A,2023-04-23
62475b9b-59d8-4b02-8337-9304af65ca12,7039472,3,B,2023-09-21
a1c2f0c9-cf81-4b85-b910-63f2d1fdf5b2,6473089,2,B,2021-06-15
5928a7ed-472a-4026-9969-c1c02b11f97b,4723566,2,A,2021-01-05
7b2823b0-8161-4897-85fb-850f8f0b7a51,2621615,3,B,2022-09-20
17f7f46a-0938-4344-ac73-49e419c24f93,3879109,3,B,2022-10-11
83f66dab-9048-4a8e-8735-066973f5ed71,8852794,2,Pass,2021-11-05
af6da5f9-aa66-416f-92eb-eee086a0d577,7641069,1,Fail,2020-12-06
a96ff4e9-f2a9-46c8-a620-c860342c0aeb,9387346,2,Fail,2023-04-10
6cc2091a-24f3-4d17-bbca-80e138ba16bf,6504530,3,A,2024-01-08
6f7d38ee-d32e-4a5d-8c14-53987d7ec053,7389842,3,C,2022-01-17
2262adcd-6114-4f14-a527-245dc954c206,6595552,3,Pass,2023-09-10
5500b5f7-809b-474f-b7bd-f8edf3bfcd5d,8869418,3,A,2024-05-05
c0f8aa06-6b80-4a1a-b03e-2371fda6f6d7,7671597,1,B,2021-11-18
b643a098-b4ae-4766-95a0-d059f6543615,6028556,1,A,2021-04-17
120c51ed-af06-4ceb-88a1-758c6bd51dbd,2835552,2,B,2024-06-14
60ab106d-cb98-449a-be58-3e6a26f329cc,6028556,3,A,2024-07-08
b7050454-2ccd-4675-be09-bb49007687ac,1428330,1,C,2022-08-20
04114976-cd4b-4119-966a-93a204a51bb9,6271113,3,C,2021-05-14
8b7cb854-2673-4f32-acda-5e783680d16c,3279749,3,B,2022-05-01
ba06c0f9-855e-4c09-9cc5-68322081af11,1639014,2,C,2024-03-06
06af33c0-36d1-44ba-b199-a60b5ea2ae52,2954897,3,Pass,2021-11-25
c54d1db6-a702-40e5-a8c0-72c368634542,9445410,1,A,2024-12-25
66b23ffb-b836-4c43-b4af-b15f780d7190,4597123,3,Fail,2024-05-14
3330a2c0-c523-49de-bb86-0a125cee943f,2532046,3,C,2020-01-23
5b7b1d6a-cae4-40b2-89c8-542de0172f5d,9085443,2,Pass,2023-06-13
3007d674-5049-404e-b631-dfafe6957caa,3857164,3,Pass,2021-04-27
3d430ff7-0efe-49e8-881c-283f8c64d4e2,4591897,1,C,2022-04-29
f481b759-841b-4ed1-920f-d6755dcc4ef2,1529650,1,Fail,2023-04-13
695867ab-0363-4661-8b15-1917954c840a,5403583,1,Fail,2023-04-16
3c44f01e-961d-45b9-845a-78ab3feeb1e0,6740645,1,Pass,2020-01-27
cdc53c31-9f38-4611-a3f3-717954da60fe,9851990,3,Pass,2021-02-22
f9d75d3c-0fc2-4daa-92c3-dc5de57299ac,1427163,2,Pass,2021-07-20
2b158f01-cf01-4c56-8e1d-918c25bcf9fb,5796118,2,A,2022-08-27
790940aa-a2c0-4b96-b7ca-c70c2423c7cb,9884169,2,Fail,2020-09-06
561e4fcc-2fe1-4975-a0f4-dbce5b30dcf8,8563497,1,Pass,2023-10-29
727ebaa1-a790-4816-ac0b-8ff26c7d5704,2087080,1,A,2020-04-28
1a9dc47d-d90d-4102-9300-9498be04299e,2835552,3,C,2021-06-27
d76878ce-de52-4760-91a1-ef681a7da688,3989816,3,B,2020-09-28
26cc003b-42ec-4524-b28d-127d3741f007,9345657,1,Fail,2020-05-30
9fbae7a8-002d-40e1-994a-f6ae5408eab9,3989816,1,Pass,2021-09-03
aa78f8f3-fd6f-4709-b2a5-3e71a56f9fd4,5347760,3,C,2023-11-05
ff5854a5-ba20-45cd-803b-eb55c61ecea6,2577906,2,A,2023-04-10
fc1a3ca9-fcbe-4e28-a4b8-34c2d14b12ae,6870038,1,Pass,2020-12-11
f0624377-f13c-481b-baac-cfd1b4c6c462,3879109,2,B,2023-05-01
b0dba6ff-4b27-4c16-aadd-c2cb8953666a,7317435,3,Pass,2020-01-22
b96b95b5-31a2-4834-9d6c-f1e9744ef565,2076259,3,Pass,2023-02-12
d09c9ca2-1ce5-4a31-9a97-586d22744b44,4357069,2,Pass,2020-10-29
89406087-0892-4ebd-a0e9-fb587cbe38d8,1705988,1,B,2021-02-12
6eb3a0ef-f017-4eab-b388-36ca7740dbbb,6165185,3,C,2022-08-08
c548e778-3e2f-4129-a2a9-993db8a557eb,1445034,1,C,2022-05-25
ad46df52-da92-47ae-868a-ab61fae272a5,2239436,2,Pass,2020-07-03
338435a1-cb77-4375-9f2e-1635bf46eb60,1034086,1,A,2022-05-08
fff14021-44c4-4f4a-b883-4f6fead9a107,5479330,2,Fail,2023-05-14
d6f9810e-55a6-44ff-8cd9-598bd30e8d52,9163957,2,C,2020-08-12
0fd185b7-bcd5-4bdf-939b-d516c3d13656,3953543,1,Pass,2020-08-31
ddd8aba5-948d-4ab8-b06d-1b61a3965a32,2677021,3,Pass,2021-06-14
3050b678-2035-439f-a937-c3e4c828ee97,5812498,3,C,2021-04-10
9ada3813-11ce-486d-94c1-2425e103ea38,1745685,3,Fail,2024-07-19
75d0a126-f6c3-45e3-a555-72af1c2c0cc4,9600836,1,B,2021-08-11
2f4b6036-7004-4c97-bc05-a03b84fa2124,7056069,2,B,2023-08-03
aeab64a1-80f5-475c-a18a-53b422e6fdf6,9065745,2,B,2020-06-18
6decad64-c466-4754-b88c-3875f6404fff,7452065,3,Pass,2021-06-15
a488c10b-7d85-4cde-bdbb-c03cb07baab9,7703226,1,C,2023-06-22
44671b6a-2078-41b2-bbaf-4e2fa4753665,3293909,1,B,2021-03-12
4d62e4c5-d70d-4787-94a2-b8655a446c29,6547219,3,A,2020-10-12
87f1ac54-cef2-4f91-9654-0dcc94dafcb4,6712861,2,B,2024-10-28
f457d184-2fe7-43ed-a966-b4cab13c4e4d,6028556,2,B,2020-12-24
7bc68198-6877-4296-9162-8ed3a3e3849c,5479330,1,B,2020-03-20
69501f30-a24a-4f01-b55a-9745d70b2e8b,2194266,3,C,2024-04-01
40c5e4c5-068b-44d6-9a0e-e56fa10e55b6,8527469,1,C,2024-01-26
3cd8a633-f8aa-4bdb-a17b-a2c3595b5ed0,3253674,1,A,2024-06-26
bcf74ae3-0ed9-463d-a878-ecf73df450a3,5897705,3,Pass,2021-10-30
602718fa-3d7b-440c-afa7-9a36a0599f40,6712861,1,Fail,2023-12-13
1f3f86ce-8912-4681-9c23-353cd9494c10,1495349,1,B,2022-09-27
adcc6110-5282-4019-a104-91607e1479df,6938352,1,Fail,2024-09-02
b8f05314-a424-4679-8497-c205a1a40b41,6178348,2,Fail,2020-06-03
343fa4c5-308d-4f4c-b4e4-405fb1582f02,4009007,1,A,2024-08-11
